source_line,answer_words,soru,cevap
3573,5,Cumhurbaşkanlığı kararnameleri hangi makam tarafından imzalanır?,Cumhurbaşkanlığı kararnameleri cumhurbaşkanı tarafından imzalanır.
3577,2,Türkiye cumhuriyeti anayasası'nın kaçıncı maddesi egemenliği tanımlar?,6. madde.
3578,2,Anayasanın kaçıncı maddesi temel hak ve hürriyetlerin sınırlandırılmasını düzenler?,13. madde.
3580,2,Anayasa'ya göre cumhurbaşkanı'nın görev süresi kaç yıldır?,5 yıl.
3582,2,Anayasa'da ifade özgürlüğü hangi maddede düzenlenmiştir?,26. madde.
3591,2,Anayasa'ya göre siyasi partilerin mali denetimini kim yapar?,Anayasa mahkemesi.
3593,2,Anayasa'ya göre vatandaşların dilekçe hakkı hangi maddede düzenlenmiştir?,74. madde.
3595,2,Anayasa'ya göre sosyal güvenlik hakkı hangi maddede düzenlenmiştir?,60. madde.
3597,1,Anayasa'ya göre türkiye cumhuriyeti'nin dili nedir?,Türkçe.
3604,2,Anayasa'ya göre kanun önünde eşitlik hangi maddede düzenlenmiştir?,10. madde.
3694,5,Cumhurbaşkanının görev süresi ne kadardır?,Cumhurbaşkanının görev süresi 5 yıldır.
3886,5,Kefalet nedir?,"İfa, borçlunun borcunu yerine getirmesidir."
3935,5,İlam nedir?,"Vergi mükellefiyeti, vergi ödeme yükümlülüğüdür."
4008,5,Avukatlık stajı nedir?,"Hüküm, mahkemenin davayı sonuçlandıran kararıdır."
4574,5,Anayasa mahkemesi'nin üye sayısı nedir?,"Anayasa mahkemesi, 17 üyeden oluşur."
4974,4,Türkiye cumhuriyeti'nin başkenti neresidir?,Türkiye cumhuriyeti'nin başkenti ankara'dır.
4978,4,Milletvekili seçilme yaşı kaçtır?,Milletvekili seçilme yaşı 18'dir.
4982,5,Cumhurbaşkanı'na vekalet eden kimdir?,"Cumhurbaşkanı'na, cumhurbaşkanı yardımcıları vekalet eder."
4983,5,Türkiye cumhuriyeti'nin resmi dili nedir?,Türkiye cumhuriyeti'nin resmi dili türkçedir.
4986,5,Yürütme yetkisi kime aittir?,"Yürütme yetkisi, cumhurbaşkanı tarafından kullanılır."
4990,5,Anayasa mahkemesi'nin üye sayısı kaçtır?,Anayasa mahkemesi'nin 15 üyesi vardır.
5179,5,Anayasa'ya göre türkiye cumhuriyeti'nin resmi dili nedir?,Türkiye cumhuriyeti'nin resmi dili türkçedir.
5195,5,Tbmm'nin seçim dönemi ne kadardır?,Tbmm'nin seçim dönemi beş yıldır.
5200,4,Anayasa'ya göre milletvekili seçilme yaşı nedir?,Milletvekili seçilme yaşı 18'dir.
5201,5,Anayasa'ya göre cumhurbaşkanına vekalet eden kimdir?,"Cumhurbaşkanına, cumhurbaşkanı yardımcısı vekalet eder."
5770,5,İpotek nasıl kurulur?,"İpotek, tapuya tescil ile kurulur."
6573,4,Evlilik ne zaman hükümsüz olur?,Mümessil tarafından açıklanması durumunda.
6591,5,Uzun süre haber alınamayan eş için ne yapılabilir?,Gaiplik kararı için başvuru yapılabilir.
6603,5,Boşanma kararı nasıl bildirilir?,Gerekçeli karar taraflara tebliğ edilir.
6605,5,Boşanma kararı nüfusa nasıl bildirilir?,Karar kesinleştiğinde nüfus memurluğuna gönderilir.
6634,3,Boşanma kararı nüfus kaydına ne zaman işlenir?,Karar kesinleştiğinde işlenir.
6651,5,Vekaletin aslı mahkemeye sunulmalı mıdır?,"Evet, vekaletin aslı mahkemeye sunulmalıdır."
6652,5,Boşanma davası hangi mahkemede açılır?,Boşanma davaları aile mahkemelerinde açılır.
6711,5,Boşanma davasında fiziksel şiddet nasıl ispatlanır?,Sağlık raporları ve fotoğraflarla ispatlanır.
6728,5,Boşanma sonrası tazminat ve nafaka için hangi süre geçerlidir?,Bir yıl içinde dava edilebilir.
6732,5,Boşanma davası sürerken taraflardan biri ölürse davaya kim devam edebilir?,"Davacı ölürse, mirasçıları devam edebilir."
6735,5,Velayet kararı alınırken ana-babanın istekleri mi çocuğun menfaati mi önemlidir?,Çocuğun menfaatlerinin dikkate alınması zorunludur.
6741,5,Tedbir nafakasının başlangıcı ne zamandır?,Tedbir nafakasının başlangıcı dava tarihidir.
6750,5,Boşanma sonrası tazminat ve nafaka için süre nedir?,Bir yıl içinde dava edilebilir.
6752,5,Boşanma sırasında taraflardan biri ölürse davaya kim devam edebilir?,"Davacı ölürse, mirasçıları devam edebilir."
6753,4,Boşanma sırasında davacı ölürse ne olur?,Mirasçıları davaya devam edebilir.
6754,5,Boşanma sırasında davalı ölürse ne olur?,Kusuru ispatlanırsa mirasçılık hakkını kaybeder.
6757,5,Velayet kararında ana-babanın istekleri mi çocuğun menfaati mi önemlidir?,Çocuğun menfaatlerinin dikkate alınması zorunludur.
6762,3,Çocuğun menfaati mi ana-babanın istekleri mi önceliklidir?,Çocuğun menfaatleri önceliklidir.
6794,4,Edinilmiş mallar paylaşıma nasıl tabi olur?,Eşler arasında eşit paylaştırılır.
6796,5,Sağ kalan eş hangi kanun maddesiyle aile konutu üzerinde mülkiyet hakkı talep edebilir?,Medeni kanunumuzun 652. maddesi uyarınca.
6801,5,Sağ kalan eşin miras payı nedir?,"Çocukları varsa, miras payı 1/4'tür."
6810,5,Evlenmeden önce mal rejimi seçimi nasıl yapılır?,Noterde mal rejimi sözleşmesiyle yapılır.
6811,5,Evlenmeden sonra mal rejimi seçimi nasıl yapılır?,Noterde mal rejimi sözleşmesiyle yapılır.
6812,5,Evlenme başvurusunda mal rejimi seçimi nasıl yapılır?,Yazılı bildirimle evlendirme memurluğu'nda yapılır.
6813,5,Mal rejimi sözleşmesi ne zaman yapılabilir?,Evlenmeden önce veya sonra yapılabilir.
6821,5,Mal rejimi tasfiyesi sonrası kalan mallar nasıl paylaşılır?,Kalan mallar miras olarak paylaşılır.
6822,5,Sağ kalan eşin miras payı nasıl hesaplanır?,Çocukları varsa miras payı 1/4'tür.
6863,4,Kişisel veri koruması kimler için geçerlidir?,Gerçek kişiler için geçerlidir.
6877,3,Kişisel verilerin kaydedildiği sistem nedir?,Veri kayıt sistemi.
6879,3,Kişisel verilerin işlendiği kayıt sistemi nedir?,Veri kayıt sistemi.
6908,4,Bilgisayarda kişisel veri işlemek ne demektir?,Otomatik yolla işlenmesi demektir.
6911,4,Bilgisayar ortamında veri işleme nasıl yapılır?,Otomatik sistemlerle kaydedilerek yapılır.
7011,5,Manuel olarak kişisel veri işleme ne demektir?,Otomatik olmayan yolla işlenmesi demektir.
7064,5,Kvk kanunu'na göre ilgili kişi kimdir?,Kişisel verisi işlenen gerçek kişidir.
7067,5,İlgili kişi hangi kişidir?,Kişisel verisi işlenen gerçek kişidir.
7135,4,Veri sorumluları sicili kimin gözetiminde tutulur?,Kvk kurulunun gözetiminde tutulur.
7175,4,Kişisel verileri koruma kurumunun merkezi nerededir?,Kvk kurumunun merkezi ankara'dadır.
7178,4,Kişisel verileri koruma kurumu hangi şehirde bulunmaktadır?,Kvk kurumu ankara'da bulunmaktadır.
7467,5,Dinlenme hakkı kimlere aittir?,"Dinlenmek, çalışanların hakkıdır. (madde 50)"
7472,5,Çalışanların dinlenme hakkı nedir?,"Dinlenmek, çalışanların hakkıdır. (madde 50)"
7500,5,Ücret neyin karşılığıdır?,Ücret emeğin karşılığıdır. (madde 55)
7810,5,Anayasanın halkoylaması sonucu kabul edilmesi ile birlikte yürürlüğe girecek hükümleri belirlemek hangi maddede düzenlenmiştir?,Bu düzenlemeler madde 177'de belirtilmiştir.
7813,5,Geçici madde 20'nin konusu nedir?,Yasama dokunulmazlığının kaldırılmasına ilişkin dosyalar.
7814,4,Geçici madde 21 ne zaman eklendi?,21 ocak 2017 tarihinde.
7815,4,Geçici madde 21'in a fıkrasına göre 27. yasama dönemi milletvekili genel seçimi ve cumhurbaşkanlığı seçimi ne zaman yapılacak?,3 kasım 2019 tarihinde.
7817,5,"Geçici madde 21'in e fıkrasına göre, askerî yargıtay ve askerî yüksek i̇dare mahkemesi ne zaman kaldırılmıştır?",Bu kanunun yürürlüğe girdiği tarihte.
7819,4,"Anayasanın değiştirilmesi tekliflerinin kabulü, hangi maddedeki kayıtlar dışında kanunların görüşülmesi ve kabulü hakkındaki hükümlere tabidir?",Madde 175'teki kayıtlar dışında.
8386,5,Sigorta primleri eksik yatırıldıysa ne yapmalıyım?,Sgk'ya başvurmalı ve işverenle görüşmelisiniz.
8389,4,İşveren sigortalı çalıştırmak zorunda mı?,"Evet, sigortalı çalıştırmak zorunludur."
8420,5,İlgili mahkeme kararına itiraz süresi nedir?,İtiraz süresi genellikle 15 gündür.
8623,4,"5 kardeşiz, birimiz yüksek vergi borcu nedeniyle miras paylaşımı yapamıyoruz. ne yapmalıyız?",İzale-i şuyu davası açabilirsiniz.
8627,3,Kiracım kira ödemiyor ve kaçtı. ne yapabilirim?,İcra takibi başlatın.
8632,3,Kiracım kira ödemiyor ve kaçtı. ne yapmalıyım?,İcra takibi başlatabilirsiniz.
8634,4,Anneme ait malların paylaşımında ne yapmalıyım?,Miras taksim sözleşmesi yapabilirsiniz.
8636,3,Eski nişanlım borcunu ödemiyor. elimde senet var. ne yapmalıyım?,Senedi icraya koyabilirsiniz.
8637,4,Kardeşim miras payını vermiyor. ne yapmalıyım?,İzale-i şuyu davası açabilirsiniz.
8639,3,Nişanlım borcunu ödemiyor. elimde senet var. ne yapmalıyım?,Senedi icraya koyabilirsiniz.
8657,5,"Komşum sürekli gürültü yapıyor, rahatsız oluyorum. ne yapabilirim?",Belediyeye veya kaymakamlığa şikayette bulunabilirsiniz.
8661,5,Eşim evde şiddet uyguluyor. ne yapmalıyım?,Polise başvurarak koruma talebinde bulunabilirsiniz.
9005,4,Anayasanın 1. Maddesi Nedir?,Türkiye Devleti bir Cumhuriyettir.
9020,3,Anayasanın 21. Maddesi Nedir?,Kimsenin konutuna dokunulamaz.
9021,4,Anayasanın 22. Maddesi Nedir?,"Herkes, haberleşme hürriyetine sahiptir."
9027,4,Anayasanın 28. Maddesi Nedir?,"Basın hürdür, sansür edilemez."
9047,5,Anayasanın 49. Maddesi Nedir?,"Çalışma, herkesin hakkı ve ödevidir."
9053,3,Anayasanın 55. Maddesi Nedir?,Ücret emeğin karşılığıdır.
9057,5,Anayasanın 60. Maddesi Nedir?,"Herkes, sosyal güvenlik hakkına sahiptir."
9083,5,Anayasanın 88. Maddesi Nedir?,"Kanun teklif etmeye, milletvekilleri yetkilidir."
9101,5,Anayasanın 108. Maddesi Nedir?,"Cumhurbaşkanı, doğrudan halk tarafından seçilir."
9142,4,Anayasanın 153. Maddesi Nedir?,Anayasa Mahkemesinin kararları kesindir.
9165,2,Türkiye Devleti Hangi Anayasa Maddesinde Cumhuriyet Olarak Tanımlanır?,1. maddede.
9166,4,Anayasanın 1. Maddesi Hangi Yılda Kabul Edilmiştir?,1982 yılında kabul edilmiştir.
9168,5,Anayasanın 1. Maddesi Hangi Tarihte Yürürlüğe Girmiştir?,7 Kasım 1982'de yürürlüğe girmiştir.
9170,4,Anayasanın 1. Maddesi Hangi Mahkemeler Tarafından Yorumlanır?,Anayasa Mahkemesi tarafından yorumlanır.
9173,5,Anayasanın 2. Maddesi Hangi Konuyu Ele Alır?,Türkiye Cumhuriyeti'nin niteliklerini ele alır.
9174,2,Türkiye Cumhuriyeti Hangi Anayasa Maddesinde Tanımlanır?,2. maddede.
9175,4,Anayasanın 2. Maddesi Hangi Yılda Kabul Edilmiştir?,1982 yılında kabul edilmiştir.
9177,5,Anayasanın 2. Maddesi Hangi Tarihte Yürürlüğe Girmiştir?,7 Kasım 1982'de yürürlüğe girmiştir.
9179,4,Anayasanın 2. Maddesi Hangi Mahkemeler Tarafından Yorumlanır?,Anayasa Mahkemesi tarafından yorumlanır.
9182,2,Türkiye Devleti'nin Dili Hangi Anayasa Maddesinde Belirtilmiştir?,3. maddede.
9183,4,Anayasanın 3. Maddesi Hangi Yılda Kabul Edilmiştir?,1982 yılında kabul edilmiştir.
9185,4,Anayasanın 3. Maddesi Hangi Mahkemeler Tarafından Yorumlanır?,Anayasa Mahkemesi tarafından yorumlanır.
9187,5,Anayasanın 4. Maddesi Hangi Konuyu Ele Alır?,Anayasanın değiştirilemez hükümlerini ele alır.
9188,5,Anayasanın Hangi Maddeleri Değiştirilemez?,"1, 2 ve 3. maddeleri."
9189,4,Anayasanın 4. Maddesi Hangi Yılda Kabul Edilmiştir?,1982 yılında kabul edilmiştir.
9191,5,Anayasanın 4. Maddesi Hangi Tarihte Yürürlüğe Girmiştir?,7 Kasım 1982'de yürürlüğe girmiştir.
9193,4,Anayasanın 4. Maddesi Hangi Mahkemeler Tarafından Yorumlanır?,Anayasa Mahkemesi tarafından yorumlanır.
9197,2,Devletin Temel Amaç ve Görevleri Hangi Anayasa Maddesinde Belirtilmiştir?,5. maddede.
9198,4,Anayasanın 5. Maddesi Hangi Yılda Kabul Edilmiştir?,1982 yılında kabul edilmiştir.
9200,5,Anayasanın 5. Maddesi Hangi Tarihte Yürürlüğe Girmiştir?,7 Kasım 1982'de yürürlüğe girmiştir.
9202,4,Anayasanın 5. Maddesi Hangi Mahkemeler Tarafından Yorumlanır?,Anayasa Mahkemesi tarafından yorumlanır.
9205,4,Anayasanın 6. Maddesi Hangi Konuyu Ele Alır?,Egemenlik hakkını ele alır.
9206,2,Egemenlik Hakkı Hangi Anayasa Maddesinde Belirtilmiştir?,6. maddede.
9207,4,Anayasanın 6. Maddesi Hangi Yılda Kabul Edilmiştir?,1982 yılında kabul edilmiştir.
9209,5,Anayasanın 6. Maddesi Hangi Tarihte Yürürlüğe Girmiştir?,7 Kasım 1982'de yürürlüğe girmiştir.
9211,4,Anayasanın 6. Maddesi Hangi Mahkemeler Tarafından Yorumlanır?,Anayasa Mahkemesi tarafından yorumlanır.
9214,4,Anayasanın 7. Maddesi Hangi Konuyu Ele Alır?,Yasama yetkisini ele alır.
9215,2,Yasama Yetkisi Hangi Anayasa Maddesinde Belirtilmiştir?,7. maddede.
9216,4,Anayasanın 7. Maddesi Hangi Yılda Kabul Edilmiştir?,1982 yılında kabul edilmiştir.
9217,5,Anayasanın 7. Maddesi Hangi Tarihte Yürürlüğe Girmiştir?,7 Kasım 1982'de yürürlüğe girmiştir.
9218,4,Anayasanın 7. Maddesi Hangi Mahkemeler Tarafından Yorumlanır?,Anayasa Mahkemesi tarafından yorumlanır.
9221,2,Yürütme Yetkisi Hangi Anayasa Maddesinde Belirtilmiştir?,8. maddede.
9222,4,Anayasanın 8. Maddesi Hangi Yılda Kabul Edilmiştir?,1982 yılında kabul edilmiştir.
9224,5,Anayasanın 8. Maddesi Hangi Tarihte Yürürlüğe Girmiştir?,7 Kasım 1982'de yürürlüğe girmiştir.
9226,4,Anayasanın 8. Maddesi Hangi Mahkemeler Tarafından Yorumlanır?,Anayasa Mahkemesi tarafından yorumlanır.
9229,4,Anayasanın 9. Maddesi Hangi Konuyu Ele Alır?,Yargı yetkisini ele alır.
9230,2,Yargı Yetkisi Hangi Anayasa Maddesinde Belirtilmiştir?,9. maddede.
9231,4,Anayasanın 9. Maddesi Hangi Yılda Kabul Edilmiştir?,1982 yılında kabul edilmiştir.
9233,5,Anayasanın 9. Maddesi Hangi Tarihte Yürürlüğe Girmiştir?,7 Kasım 1982'de yürürlüğe girmiştir.
9235,4,Anayasanın 9. Maddesi Hangi Mahkemeler Tarafından Yorumlanır?,Anayasa Mahkemesi tarafından yorumlanır.
9239,2,Kanun Önünde Eşitlik Hangi Anayasa Maddesinde Belirtilmiştir?,10. maddede.
9240,4,Anayasanın 10. Maddesi Hangi Yılda Kabul Edilmiştir?,1982 yılında kabul edilmiştir.
9242,5,Anayasanın 10. Maddesi Hangi Tarihte Yürürlüğe Girmiştir?,7 Kasım 1982'de yürürlüğe girmiştir.
9244,4,Anayasanın 10. Maddesi Hangi Mahkemeler Tarafından Yorumlanır?,Anayasa Mahkemesi tarafından yorumlanır.
9247,2,Anayasa Hükümlerinin Bağlayıcılığı Hangi Anayasa Maddesinde Belirtilmiştir?,11. maddede.
9249,5,Anayasanın 11. Maddesi Hangi Tarihte Yürürlüğe Girmiştir?,7 Kasım 1982'de yürürlüğe girmiştir.
9253,2,Temel Hak ve Hürriyetler Hangi Anayasa Maddesinde Belirtilmiştir?,12. maddede.
9254,4,Anayasanın 12. Maddesi Hangi Yılda Kabul Edilmiştir?,1982 yılında kabul edilmiştir.
9256,5,Anayasanın 12. Maddesi Hangi Tarihte Yürürlüğe Girmiştir?,7 Kasım 1982'de yürürlüğe girmiştir.
9257,4,Anayasanın 12. Maddesi Hangi Mahkemeler Tarafından Yorumlanır?,Anayasa Mahkemesi tarafından yorumlanır.
9261,2,Temel Hak ve Hürriyetlerin Sınırlanması Hangi Anayasa Maddesinde Belirtilmiştir?,13. maddede.
9262,4,Anayasanın 13. Maddesi Hangi Yılda Kabul Edilmiştir?,1982 yılında kabul edilmiştir.
9264,5,Anayasanın 13. Maddesi Hangi Tarihte Yürürlüğe Girmiştir?,7 Kasım 1982'de yürürlüğe girmiştir.
9266,4,Anayasanın 13. Maddesi Hangi Mahkemeler Tarafından Yorumlanır?,Anayasa Mahkemesi tarafından yorumlanır.
9269,5,Anayasanın 14. Maddesi Hangi Konuyu Ele Alır?,Anayasa hükümlerinin yorumlanmasını ele alır.
9270,2,Anayasa Hükümlerinin Yorumlanması Hangi Anayasa Maddesinde Belirtilmiştir?,14. maddede.
9271,4,Anayasanın 14. Maddesi Hangi Yılda Kabul Edilmiştir?,1982 yılında kabul edilmiştir.
9273,5,Anayasanın 14. Maddesi Hangi Tarihte Yürürlüğe Girmiştir?,7 Kasım 1982'de yürürlüğe girmiştir.
9275,4,Anayasanın 14. Maddesi Hangi Mahkemeler Tarafından Yorumlanır?,Anayasa Mahkemesi tarafından yorumlanır.
9279,2,Temel Hak ve Hürriyetlerin Durdurulması Hangi Anayasa Maddesinde Belirtilmiştir?,15. maddede.
9280,4,Anayasanın 15. Maddesi Hangi Yılda Kabul Edilmiştir?,1982 yılında kabul edilmiştir.
9282,5,Anayasanın 15. Maddesi Hangi Tarihte Yürürlüğe Girmiştir?,7 Kasım 1982'de yürürlüğe girmiştir.
9284,4,Anayasanın 15. Maddesi Hangi Mahkemeler Tarafından Yorumlanır?,Anayasa Mahkemesi tarafından yorumlanır.
9288,2,Yabancıların Temel Hak ve Hürriyetleri Hangi Anayasa Maddesinde Belirtilmiştir?,16. maddede.
9289,4,Anayasanın 16. Maddesi Hangi Yılda Kabul Edilmiştir?,1982 yılında kabul edilmiştir.
9291,5,Anayasanın 16. Maddesi Hangi Tarihte Yürürlüğe Girmiştir?,7 Kasım 1982'de yürürlüğe girmiştir.
9293,4,Anayasanın 16. Maddesi Hangi Mahkemeler Tarafından Yorumlanır?,Anayasa Mahkemesi tarafından yorumlanır.
9297,2,Yaşama Hakkı Hangi Anayasa Maddesinde Belirtilmiştir?,17. maddede.
9298,4,Anayasanın 17. Maddesi Hangi Yılda Kabul Edilmiştir?,1982 yılında kabul edilmiştir.
9300,5,Anayasanın 17. Maddesi Hangi Tarihte Yürürlüğe Girmiştir?,7 Kasım 1982'de yürürlüğe girmiştir.
9302,4,Anayasanın 17. Maddesi Hangi Mahkemeler Tarafından Yorumlanır?,Anayasa Mahkemesi tarafından yorumlanır.
9305,5,Anayasanın 18. Maddesi Hangi Konuyu Ele Alır?,Zorla çalıştırma yasağını ele alır.
9306,2,Zorla Çalıştırma Yasağı Hangi Anayasa Maddesinde Belirtilmiştir?,18. maddede.
9307,4,Anayasanın 18. Maddesi Hangi Yılda Kabul Edilmiştir?,1982 yılında kabul edilmiştir.
9309,5,Anayasanın 18. Maddesi Hangi Tarihte Yürürlüğe Girmiştir?,7 Kasım 1982'de yürürlüğe girmiştir.
9313,2,Kişi Hürriyeti ve Güvenliği Hangi Anayasa Maddesinde Belirtilmiştir?,19. maddede.
9314,4,Anayasanın 19. Maddesi Hangi Yılda Kabul Edilmiştir?,1982 yılında kabul edilmiştir.
9316,5,Anayasanın 19. Maddesi Hangi Tarihte Yürürlüğe Girmiştir?,7 Kasım 1982'de yürürlüğe girmiştir.
9318,4,Anayasanın 19. Maddesi Hangi Mahkemeler Tarafından Yorumlanır?,Anayasa Mahkemesi tarafından yorumlanır.
9322,2,Özel Hayat ve Aile Hayatı Hangi Anayasa Maddesinde Belirtilmiştir?,20. maddede.
9324,5,Anayasanın 20. Maddesi Hangi Tarihte Yürürlüğe Girmiştir?,7 Kasım 1982'de yürürlüğe girmiştir.
9326,4,Anayasanın 20. Maddesi Hangi Mahkemeler Tarafından Yorumlanır?,Anayasa Mahkemesi tarafından yorumlanır.
9329,2,Konut Dokunulmazlığı Hangi Anayasa Maddesinde Belirtilmiştir?,21. maddede.
9330,4,Anayasanın 21. Maddesi Hangi Yılda Kabul Edilmiştir?,1982 yılında kabul edilmiştir.
9332,5,Anayasanın 21. Maddesi Hangi Tarihte Yürürlüğe Girmiştir?,7 Kasım 1982'de yürürlüğe girmiştir.
9334,4,Anayasanın 21. Maddesi Hangi Mahkemeler Tarafından Yorumlanır?,Anayasa Mahkemesi tarafından yorumlanır.
9335,4,Anayasanın 21. Maddesinin Kapsamı Nedir?,Kimsenin konutuna dokunulamayacağını belirtir.
9337,2,Haberleşme Hürriyeti Hangi Anayasa Maddesinde Belirtilmiştir?,22. maddede.
9338,4,Anayasanın 22. Maddesi Hangi Yılda Kabul Edilmiştir?,1982 yılında kabul edilmiştir.
9340,5,Anayasanın 22. Maddesi Hangi Tarihte Yürürlüğe Girmiştir?,7 Kasım 1982'de yürürlüğe girmiştir.
9342,4,Anayasanın 22. Maddesi Hangi Mahkemeler Tarafından Yorumlanır?,Anayasa Mahkemesi tarafından yorumlanır.
9348,4,Anayasanın 23. Maddesi Hangi Mahkemeler Tarafından Yorumlanır?,Anayasa Mahkemesi tarafından yorumlanır.
9351,2,"Vicdan, Dinî İnanç ve Kanaat Hürriyeti Hangi Anayasa Maddesinde Belirtilmiştir?",24. maddede.
9353,5,Anayasanın 24. Maddesi Hangi Tarihte Yürürlüğe Girmiştir?,7 Kasım 1982'de yürürlüğe girmiştir.
9355,4,Anayasanın 24. Maddesi Hangi Mahkemeler Tarafından Yorumlanır?,Anayasa Mahkemesi tarafından yorumlanır.
9359,2,Düşünce ve Kanaat Hürriyeti Hangi Anayasa Maddesinde Belirtilmiştir?,25. maddede.
9360,4,Anayasanın 25. Maddesi Hangi Yılda Kabul Edilmiştir?,1982 yılında kabul edilmiştir.
9362,5,Anayasanın 25. Maddesi Hangi Tarihte Yürürlüğe Girmiştir?,7 Kasım 1982'de yürürlüğe girmiştir.
9364,4,Anayasanın 25. Maddesi Hangi Mahkemeler Tarafından Yorumlanır?,Anayasa Mahkemesi tarafından yorumlanır.
9368,4,Anayasanın 26. Maddesi Hangi Yılda Kabul Edilmiştir?,1982 yılında kabul edilmiştir.
9370,5,Anayasanın 26. Maddesi Hangi Tarihte Yürürlüğe Girmiştir?,7 Kasım 1982'de yürürlüğe girmiştir.
9372,4,Anayasanın 26. Maddesi Hangi Mahkemeler Tarafından Yorumlanır?,Anayasa Mahkemesi tarafından yorumlanır.
9376,2,Bilim ve Sanat Hürriyeti Hangi Anayasa Maddesinde Belirtilmiştir?,27. maddede.
9377,4,Anayasanın 27. Maddesi Hangi Yılda Kabul Edilmiştir?,1982 yılında kabul edilmiştir.
9379,5,Anayasanın 27. Maddesi Hangi Tarihte Yürürlüğe Girmiştir?,7 Kasım 1982'de yürürlüğe girmiştir.
9381,4,Anayasanın 27. Maddesi Hangi Mahkemeler Tarafından Yorumlanır?,Anayasa Mahkemesi tarafından yorumlanır.
9384,4,Anayasanın 28. Maddesi Hangi Konuyu Ele Alır?,Basın hürriyetini ele alır.
9385,2,Basın Hürriyeti Hangi Anayasa Maddesinde Belirtilmiştir?,28. maddede.
9386,4,Anayasanın 28. Maddesi Hangi Yılda Kabul Edilmiştir?,1982 yılında kabul edilmiştir.
9388,5,Anayasanın 28. Maddesi Hangi Tarihte Yürürlüğe Girmiştir?,7 Kasım 1982'de yürürlüğe girmiştir.
9390,4,Anayasanın 28. Maddesi Hangi Mahkemeler Tarafından Yorumlanır?,Anayasa Mahkemesi tarafından yorumlanır.
9392,2,Süreli ve Süresiz Yayın Hakkı Hangi Anayasa Maddesinde Belirtilmiştir?,29. maddede.
9394,5,Anayasanın 29. Maddesi Hangi Tarihte Yürürlüğe Girmiştir?,7 Kasım 1982'de yürürlüğe girmiştir.
9396,4,Anayasanın 29. Maddesi Hangi Mahkemeler Tarafından Yorumlanır?,Anayasa Mahkemesi tarafından yorumlanır.
9398,5,Anayasanın 30. Maddesi Hangi Konuyu Ele Alır?,Basın araçlarının korunmasını ele alır.
9399,2,Basın Araçlarının Korunması Hangi Anayasa Maddesinde Belirtilmiştir?,30. maddede.
9400,4,Anayasanın 30. Maddesi Hangi Yılda Kabul Edilmiştir?,1982 yılında kabul edilmiştir.
9402,5,Anayasanın 30. Maddesi Hangi Tarihte Yürürlüğe Girmiştir?,7 Kasım 1982'de yürürlüğe girmiştir.
9404,4,Anayasanın 30. Maddesi Hangi Mahkemeler Tarafından Yorumlanır?,Anayasa Mahkemesi tarafından yorumlanır.
9405,4,Anayasanın 30. Maddesinin Kapsamı Nedir?,Basın araçlarının korunmasını düzenler.
9408,2,Radyo ve Televizyon Yayınlarından Yararlanma Hakkı Hangi Anayasa Maddesinde Belirtilmiştir?,31. maddede.
9409,4,Anayasanın 31. Maddesi Hangi Yılda Kabul Edilmiştir?,1982 yılında kabul edilmiştir.
9411,5,Anayasanın 31. Maddesi Hangi Tarihte Yürürlüğe Girmiştir?,7 Kasım 1982'de yürürlüğe girmiştir.
9413,4,Anayasanın 31. Maddesi Hangi Mahkemeler Tarafından Yorumlanır?,Anayasa Mahkemesi tarafından yorumlanır.
9417,2,Düzeltme ve Cevap Hakkı Hangi Anayasa Maddesinde Belirtilmiştir?,32. maddede.
9418,4,Anayasanın 32. Maddesi Hangi Yılda Kabul Edilmiştir?,1982 yılında kabul edilmiştir.
9420,5,Anayasanın 32. Maddesi Hangi Tarihte Yürürlüğe Girmiştir?,7 Kasım 1982'de yürürlüğe girmiştir.
9422,4,Anayasanın 32. Maddesi Hangi Mahkemeler Tarafından Yorumlanır?,Anayasa Mahkemesi tarafından yorumlanır.
9423,5,Anayasanın 32. Maddesinin Kapsamı Nedir?,Düzeltme ve cevap hakkını düzenler.
9425,5,Anayasanın 33. Maddesi Hangi Konuyu Ele Alır?,Dernek kurma hakkını ele alır.
9426,2,Dernek Kurma Hakkı Hangi Anayasa Maddesinde Belirtilmiştir?,33. maddede.
9427,4,Anayasanın 33. Maddesi Hangi Yılda Kabul Edilmiştir?,1982 yılında kabul edilmiştir.
9429,5,Anayasanın 33. Maddesi Hangi Tarihte Yürürlüğe Girmiştir?,7 Kasım 1982'de yürürlüğe girmiştir.
9431,4,Anayasanın 33. Maddesi Hangi Mahkemeler Tarafından Yorumlanır?,Anayasa Mahkemesi tarafından yorumlanır.
9435,2,Toplantı ve Gösteri Yürüyüşü Düzenleme Hakkı Hangi Anayasa Maddesinde Belirtilmiştir?,34. maddede.
9436,4,Anayasanın 34. Maddesi Hangi Yılda Kabul Edilmiştir?,1982 yılında kabul edilmiştir.
9437,5,Anayasanın 34. Maddesi Hangi Tarihte Yürürlüğe Girmiştir?,7 Kasım 1982'de yürürlüğe girmiştir.
9439,4,Anayasanın 34. Maddesi Hangi Mahkemeler Tarafından Yorumlanır?,Anayasa Mahkemesi tarafından yorumlanır.
9443,2,Mülkiyet ve Miras Hakkı Hangi Anayasa Maddesinde Belirtilmiştir?,35. maddede.
9444,4,Anayasanın 35. Maddesi Hangi Yılda Kabul Edilmiştir?,1982 yılında kabul edilmiştir.
9446,5,Anayasanın 35. Maddesi Hangi Tarihte Yürürlüğe Girmiştir?,7 Kasım 1982'de yürürlüğe girmiştir.
9448,4,Anayasanın 35. Maddesi Hangi Mahkemeler Tarafından Yorumlanır?,Anayasa Mahkemesi tarafından yorumlanır.
9451,5,Anayasanın 36. Maddesi Hangi Konuyu Ele Alır?,Hak arama hürriyetini ele alır.
9452,2,Hak Arama Hürriyeti Hangi Anayasa Maddesinde Belirtilmiştir?,36. maddede.
9453,5,Anayasanın 36. Maddesi Hangi Tarihte Yürürlüğe Girmiştir?,7 Kasım 1982'de yürürlüğe girmiştir.
9455,4,Anayasanın 36. Maddesi Hangi Mahkemeler Tarafından Yorumlanır?,Anayasa Mahkemesi tarafından yorumlanır.
9458,5,Anayasanın 37. Maddesi Hangi Konuyu Ele Alır?,Kanuni hâkim güvencesini ele alır.
9460,5,Anayasanın 37. Maddesi Hangi Tarihte Yürürlüğe Girmiştir?,7 Kasım 1982'de yürürlüğe girmiştir.
9462,4,Anayasanın 37. Maddesi Hangi Mahkemeler Tarafından Yorumlanır?,Anayasa Mahkemesi tarafından yorumlanır.
9466,2,İşkence ve Eziyet Yasağı Hangi Anayasa Maddesinde Belirtilmiştir?,38. maddede.
9467,4,Anayasanın 38. Maddesi Hangi Yılda Kabul Edilmiştir?,1982 yılında kabul edilmiştir.
9469,5,Anayasanın 38. Maddesi Hangi Tarihte Yürürlüğe Girmiştir?,7 Kasım 1982'de yürürlüğe girmiştir.
9474,2,Suç ve Cezalara İlişkin İlkeler Hangi Anayasa Maddesinde Belirtilmiştir?,39. maddede.
9475,4,Anayasanın 39. Maddesi Hangi Yılda Kabul Edilmiştir?,1982 yılında kabul edilmiştir.
9477,5,Anayasanın 39. Maddesi Hangi Tarihte Yürürlüğe Girmiştir?,7 Kasım 1982'de yürürlüğe girmiştir.
9480,5,Anayasanın 40. Maddesi Hangi Konuyu Ele Alır?,Hak arama hürriyetini ele alır.
9481,4,Anayasanın 40. Maddesi Hangi Yılda Kabul Edilmiştir?,1982 yılında kabul edilmiştir.
9483,5,Anayasanın 40. Maddesi Hangi Tarihte Yürürlüğe Girmiştir?,7 Kasım 1982'de yürürlüğe girmiştir.
9485,4,Anayasanın 40. Maddesi Hangi Mahkemeler Tarafından Yorumlanır?,Anayasa Mahkemesi tarafından yorumlanır.
9488,2,Ailenin Korunması Hangi Anayasa Maddesinde Belirtilmiştir?,41. maddede.
9489,4,Anayasanın 41. Maddesi Hangi Yılda Kabul Edilmiştir?,1982 yılında kabul edilmiştir.
9491,5,Anayasanın 41. Maddesi Hangi Tarihte Yürürlüğe Girmiştir?,7 Kasım 1982'de yürürlüğe girmiştir.
9493,4,Anayasanın 41. Maddesi Hangi Mahkemeler Tarafından Yorumlanır?,Anayasa Mahkemesi tarafından yorumlanır.
9497,2,Eğitim ve Öğrenim Hakkı Hangi Anayasa Maddesinde Belirtilmiştir?,42. maddede.
9498,4,Anayasanın 42. Maddesi Hangi Yılda Kabul Edilmiştir?,1982 yılında kabul edilmiştir.
9500,5,Anayasanın 42. Maddesi Hangi Tarihte Yürürlüğe Girmiştir?,7 Kasım 1982'de yürürlüğe girmiştir.
9502,4,Anayasanın 42. Maddesi Hangi Mahkemeler Tarafından Yorumlanır?,Anayasa Mahkemesi tarafından yorumlanır.
9506,2,Kıyıların Korunması Hangi Anayasa Maddesinde Belirtilmiştir?,43. maddede.
9507,4,Anayasanın 43. Maddesi Hangi Yılda Kabul Edilmiştir?,1982 yılında kabul edilmiştir.
9509,5,Anayasanın 43. Maddesi Hangi Tarihte Yürürlüğe Girmiştir?,7 Kasım 1982'de yürürlüğe girmiştir.
9511,4,Anayasanın 43. Maddesi Hangi Mahkemeler Tarafından Yorumlanır?,Anayasa Mahkemesi tarafından yorumlanır.
9515,2,Toprak Mülkiyeti Hangi Anayasa Maddesinde Belirtilmiştir?,44. maddede.
9516,4,Anayasanın 44. Maddesi Hangi Yılda Kabul Edilmiştir?,1982 yılında kabul edilmiştir.
9517,5,Anayasanın 44. Maddesi Hangi Tarihte Yürürlüğe Girmiştir?,7 Kasım 1982'de yürürlüğe girmiştir.
9519,4,Anayasanın 44. Maddesi Hangi Mahkemeler Tarafından Yorumlanır?,Anayasa Mahkemesi tarafından yorumlanır.
9522,5,Anayasanın 45. Maddesi Hangi Konuyu Ele Alır?,Tarım arazilerinin korunmasını ele alır.
9523,2,Tarım Arazilerinin Korunması Hangi Anayasa Maddesinde Belirtilmiştir?,45. maddede.
9524,4,Anayasanın 45. Maddesi Hangi Yılda Kabul Edilmiştir?,1982 yılında kabul edilmiştir.
9526,5,Anayasanın 45. Maddesi Hangi Tarihte Yürürlüğe Girmiştir?,7 Kasım 1982'de yürürlüğe girmiştir.
9530,4,Anayasanın 46. Maddesi Hangi Konuyu Ele Alır?,Kamulaştırma yetkisini ele alır.
9531,2,Kamulaştırma Yetkisi Hangi Anayasa Maddesinde Belirtilmiştir?,46. maddede.
9532,4,Anayasanın 46. Maddesi Hangi Yılda Kabul Edilmiştir?,1982 yılında kabul edilmiştir.
9534,5,Anayasanın 46. Maddesi Hangi Tarihte Yürürlüğe Girmiştir?,7 Kasım 1982'de yürürlüğe girmiştir.
9535,4,Anayasanın 46. Maddesi Hangi Mahkemeler Tarafından Yorumlanır?,Anayasa Mahkemesi tarafından yorumlanır.
9538,4,Anayasanın 47. Maddesi Hangi Konuyu Ele Alır?,Devletleştirme yetkisini ele alır.
9539,2,Devletleştirme Yetkisi Hangi Anayasa Maddesinde Belirtilmiştir?,47. maddede.
9540,4,Anayasanın 47. Maddesi Hangi Yılda Kabul Edilmiştir?,1982 yılında kabul edilmiştir.
9542,5,Anayasanın 47. Maddesi Hangi Tarihte Yürürlüğe Girmiştir?,7 Kasım 1982'de yürürlüğe girmiştir.
9544,4,Anayasanın 47. Maddesi Hangi Mahkemeler Tarafından Yorumlanır?,Anayasa Mahkemesi tarafından yorumlanır.
9548,2,Çalışma ve Sözleşme Hürriyeti Hangi Anayasa Maddesinde Belirtilmiştir?,48. maddede.
9550,5,Anayasanın 48. Maddesi Hangi Tarihte Yürürlüğe Girmiştir?,7 Kasım 1982'de yürürlüğe girmiştir.
9552,4,Anayasanın 48. Maddesi Hangi Mahkemeler Tarafından Yorumlanır?,Anayasa Mahkemesi tarafından yorumlanır.
9556,2,Çalışma Hakkı ve Ödevi Hangi Anayasa Maddesinde Belirtilmiştir?,49. maddede.
9557,4,Anayasanın 49. Maddesi Hangi Yılda Kabul Edilmiştir?,1982 yılında kabul edilmiştir.
9559,5,Anayasanın 49. Maddesi Hangi Tarihte Yürürlüğe Girmiştir?,7 Kasım 1982'de yürürlüğe girmiştir.
9561,4,Anayasanın 49. Maddesi Hangi Mahkemeler Tarafından Yorumlanır?,Anayasa Mahkemesi tarafından yorumlanır.
9564,2,Çalışma Şartları ve Dinlenme Hakkı Hangi Anayasa Maddesinde Belirtilmiştir?,50. maddede.
9565,4,Anayasanın 50. Maddesi Hangi Yılda Kabul Edilmiştir?,1982 yılında kabul edilmiştir.
9567,5,Anayasanın 50. Maddesi Hangi Tarihte Yürürlüğe Girmiştir?,7 Kasım 1982'de yürürlüğe girmiştir.
9569,4,Anayasanın 50. Maddesi Hangi Mahkemeler Tarafından Yorumlanır?,Anayasa Mahkemesi tarafından yorumlanır.
9572,5,Anayasanın 51. Maddesi Hangi Konuyu Ele Alır?,Sendika kurma hakkını ele alır.
9573,4,Anayasanın 51. Maddesi Hangi Yılda Kabul Edilmiştir?,1982 yılında kabul edilmiştir.
9574,5,Anayasanın 51. Maddesi Hangi Tarihte Yürürlüğe Girmiştir?,7 Kasım 1982'de yürürlüğe girmiştir.
9578,5,Anayasanın 52. Maddesi Hangi Konuyu Ele Alır?,Sendikaların faaliyet özgürlüğünü ele alır.
9579,2,Sendikaların Faaliyet Özgürlüğü Hangi Anayasa Maddesinde Belirtilmiştir?,52. maddede.
9580,4,Anayasanın 52. Maddesi Hangi Yılda Kabul Edilmiştir?,1982 yılında kabul edilmiştir.
9582,5,Anayasanın 52. Maddesi Hangi Tarihte Yürürlüğe Girmiştir?,7 Kasım 1982'de yürürlüğe girmiştir.
9584,4,Anayasanın 52. Maddesi Hangi Mahkemeler Tarafından Yorumlanır?,Anayasa Mahkemesi tarafından yorumlanır.
9588,2,Toplu İş Sözleşmesi Yapma Hakkı Hangi Anayasa Maddesinde Belirtilmiştir?,53. maddede.
9589,4,Anayasanın 53. Maddesi Hangi Yılda Kabul Edilmiştir?,1982 yılında kabul edilmiştir.
9591,5,Anayasanın 53. Maddesi Hangi Tarihte Yürürlüğe Girmiştir?,7 Kasım 1982'de yürürlüğe girmiştir.
9595,4,Anayasanın 54. Maddesi Hangi Konuyu Ele Alır?,Grev hakkını ele alır.
9596,2,Grev Hakkı Hangi Anayasa Maddesinde Belirtilmiştir?,54. maddede.
9597,4,Anayasanın 54. Maddesi Hangi Yılda Kabul Edilmiştir?,1982 yılında kabul edilmiştir.
9599,5,Anayasanın 54. Maddesi Hangi Tarihte Yürürlüğe Girmiştir?,7 Kasım 1982'de yürürlüğe girmiştir.
9601,4,Anayasanın 54. Maddesi Hangi Mahkemeler Tarafından Yorumlanır?,Anayasa Mahkemesi tarafından yorumlanır.
9604,2,Ücret ve Adaletli Çalışma Koşulları Hangi Anayasa Maddesinde Belirtilmiştir?,55. maddede.
9606,5,Anayasanın 55. Maddesi Hangi Tarihte Yürürlüğe Girmiştir?,7 Kasım 1982'de yürürlüğe girmiştir.
9607,4,Anayasanın 55. Maddesi Hangi Mahkemeler Tarafından Yorumlanır?,Anayasa Mahkemesi tarafından yorumlanır.
9611,2,Sağlık ve Çevre Hakkı Hangi Anayasa Maddesinde Belirtilmiştir?,56. maddede.
9612,4,Anayasanın 56. Maddesi Hangi Yılda Kabul Edilmiştir?,1982 yılında kabul edilmiştir.
9615,4,Anayasanın 56. Maddesi Hangi Mahkemeler Tarafından Yorumlanır?,Anayasa Mahkemesi tarafından yorumlanır.
9618,2,Konut Hakkı Hangi Anayasa Maddesinde Belirtilmiştir?,57. maddede.
9619,4,Anayasanın 57. Maddesi Hangi Yılda Kabul Edilmiştir?,1982 yılında kabul edilmiştir.
9621,5,Anayasanın 57. Maddesi Hangi Tarihte Yürürlüğe Girmiştir?,7 Kasım 1982'de yürürlüğe girmiştir.
9623,4,Anayasanın 57. Maddesi Hangi Mahkemeler Tarafından Yorumlanır?,Anayasa Mahkemesi tarafından yorumlanır.
9627,2,Gençlerin Korunması Hangi Anayasa Maddesinde Belirtilmiştir?,58. maddede.
9628,4,Anayasanın 58. Maddesi Hangi Yılda Kabul Edilmiştir?,1982 yılında kabul edilmiştir.
9630,5,Anayasanın 58. Maddesi Hangi Tarihte Yürürlüğe Girmiştir?,7 Kasım 1982'de yürürlüğe girmiştir.
9635,2,Sporun Teşviki Hangi Anayasa Maddesinde Belirtilmiştir?,59. maddede.
9636,4,Anayasanın 59. Maddesi Hangi Yılda Kabul Edilmiştir?,1982 yılında kabul edilmiştir.
9638,5,Anayasanın 59. Maddesi Hangi Tarihte Yürürlüğe Girmiştir?,7 Kasım 1982'de yürürlüğe girmiştir.
9640,4,Anayasanın 59. Maddesi Hangi Mahkemeler Tarafından Yorumlanır?,Anayasa Mahkemesi tarafından yorumlanır.
9642,5,Anayasanın 60. Maddesi Hangi Konuyu Ele Alır?,Sosyal güvenlik hakkını ele alır.
9643,2,Sosyal Güvenlik Hakkı Hangi Anayasa Maddesinde Belirtilmiştir?,60. maddede.
9644,4,Anayasanın 60. Maddesi Hangi Yılda Kabul Edilmiştir?,1982 yılında kabul edilmiştir.
9646,5,Anayasanın 60. Maddesi Hangi Tarihte Yürürlüğe Girmiştir?,7 Kasım 1982'de yürürlüğe girmiştir.
9648,4,Anayasanın 60. Maddesi Hangi Mahkemeler Tarafından Yorumlanır?,Anayasa Mahkemesi tarafından yorumlanır.
9652,4,Anayasanın 61. Maddesi Hangi Yılda Kabul Edilmiştir?,1982 yılında kabul edilmiştir.
9654,5,Anayasanın 61. Maddesi Hangi Tarihte Yürürlüğe Girmiştir?,7 Kasım 1982'de yürürlüğe girmiştir.
9656,4,Anayasanın 61. Maddesi Hangi Mahkemeler Tarafından Yorumlanır?,Anayasa Mahkemesi tarafından yorumlanır.
9659,2,Yurt Dışındaki Türk Vatandaşlarının Korunması Hangi Anayasa Maddesinde Belirtilmiştir?,62. maddede.
9660,4,Anayasanın 62. Maddesi Hangi Yılda Kabul Edilmiştir?,1982 yılında kabul edilmiştir.
9662,5,Anayasanın 62. Maddesi Hangi Tarihte Yürürlüğe Girmiştir?,7 Kasım 1982'de yürürlüğe girmiştir.
9664,4,Anayasanın 62. Maddesi Hangi Mahkemeler Tarafından Yorumlanır?,Anayasa Mahkemesi tarafından yorumlanır.
9668,4,Anayasanın 63. Maddesi Hangi Yılda Kabul Edilmiştir?,1982 yılında kabul edilmiştir.
9671,4,Anayasanın 63. Maddesi Hangi Mahkemeler Tarafından Yorumlanır?,Anayasa Mahkemesi tarafından yorumlanır.
9675,2,Sanat Faaliyetleri ve Sanatçının Korunması Hangi Anayasa Maddesinde Belirtilmiştir?,64. maddede.
9677,5,Anayasanın 64. Maddesi Hangi Tarihte Yürürlüğe Girmiştir?,7 Kasım 1982'de yürürlüğe girmiştir.
9679,4,Anayasanın 64. Maddesi Hangi Mahkemeler Tarafından Yorumlanır?,Anayasa Mahkemesi tarafından yorumlanır.
9683,2,Sosyal ve Ekonomik Görevlerin Yerine Getirilmesi Hangi Anayasa Maddesinde Belirtilmiştir?,65. maddede.
9684,4,Anayasanın 65. Maddesi Hangi Yılda Kabul Edilmiştir?,1982 yılında kabul edilmiştir.
9686,5,Anayasanın 65. Maddesi Hangi Tarihte Yürürlüğe Girmiştir?,7 Kasım 1982'de yürürlüğe girmiştir.
9688,4,Anayasanın 65. Maddesi Hangi Mahkemeler Tarafından Yorumlanır?,Anayasa Mahkemesi tarafından yorumlanır.
9691,4,Anayasanın 66. Maddesi Hangi Konuyu Ele Alır?,Türk vatandaşlığını ele alır.
9692,2,Türk Vatandaşlığı Hangi Anayasa Maddesinde Belirtilmiştir?,66. maddede.
9693,4,Anayasanın 66. Maddesi Hangi Yılda Kabul Edilmiştir?,1982 yılında kabul edilmiştir.
9695,5,Anayasanın 66. Maddesi Hangi Tarihte Yürürlüğe Girmiştir?,7 Kasım 1982'de yürürlüğe girmiştir.
9699,2,"Seçme, Seçilme ve Siyasî Faaliyet Hakkı Hangi Anayasa Maddesinde Belirtilmiştir?",67. maddede.
9700,4,Anayasanın 67. Maddesi Hangi Yılda Kabul Edilmiştir?,1982 yılında kabul edilmiştir.
9703,4,Anayasanın 67. Maddesi Hangi Mahkemeler Tarafından Yorumlanır?,Anayasa Mahkemesi tarafından yorumlanır.
9707,2,Siyasi Parti Kurma ve Siyasi Partilere Katılma Hakkı Hangi Anayasa Maddesinde Belirtilmiştir?,68. maddede.
9709,5,Anayasanın 68. Maddesi Hangi Tarihte Yürürlüğe Girmiştir?,7 Kasım 1982'de yürürlüğe girmiştir.
9711,4,Anayasanın 68. Maddesi Hangi Mahkemeler Tarafından Yorumlanır?,Anayasa Mahkemesi tarafından yorumlanır.
9714,5,Anayasanın 69. Maddesi Hangi Konuyu Ele Alır?,Siyasi partilerin faaliyetlerini ele alır.
9715,2,Siyasi Partilerin Faaliyetleri Hangi Anayasa Maddesinde Belirtilmiştir?,69. maddede.
9717,5,Anayasanın 69. Maddesi Hangi Tarihte Yürürlüğe Girmiştir?,7 Kasım 1982'de yürürlüğe girmiştir.
9719,4,Anayasanın 69. Maddesi Hangi Mahkemeler Tarafından Yorumlanır?,Anayasa Mahkemesi tarafından yorumlanır.
9722,2,Kamu Hizmetine Girme Hakkı Hangi Anayasa Maddesinde Belirtilmiştir?,70. maddede.
9723,4,Anayasanın 70. Maddesi Hangi Yılda Kabul Edilmiştir?,1982 yılında kabul edilmiştir.
9725,5,Anayasanın 70. Maddesi Hangi Tarihte Yürürlüğe Girmiştir?,7 Kasım 1982'de yürürlüğe girmiştir.
9727,4,Anayasanın 70. Maddesi Hangi Mahkemeler Tarafından Yorumlanır?,Anayasa Mahkemesi tarafından yorumlanır.
9731,2,Devlet Memurlarının Sorumlulukları Hangi Anayasa Maddesinde Belirtilmiştir?,71. maddede.
9732,4,Anayasanın 71. Maddesi Hangi Yılda Kabul Edilmiştir?,1982 yılında kabul edilmiştir.
9733,5,Anayasanın 71. Maddesi Hangi Tarihte Yürürlüğe Girmiştir?,7 Kasım 1982'de yürürlüğe girmiştir.
9735,4,Anayasanın 71. Maddesi Hangi Mahkemeler Tarafından Yorumlanır?,Anayasa Mahkemesi tarafından yorumlanır.
9739,2,Vatan Hizmeti Hakkı ve Ödevi Hangi Anayasa Maddesinde Belirtilmiştir?,72. maddede.
9740,4,Anayasanın 72. Maddesi Hangi Yılda Kabul Edilmiştir?,1982 yılında kabul edilmiştir.
9742,5,Anayasanın 72. Maddesi Hangi Tarihte Yürürlüğe Girmiştir?,7 Kasım 1982'de yürürlüğe girmiştir.
9744,4,Anayasanın 72. Maddesi Hangi Mahkemeler Tarafından Yorumlanır?,Anayasa Mahkemesi tarafından yorumlanır.
9747,5,Anayasanın 73. Maddesi Hangi Konuyu Ele Alır?,Vergi ödeme yükümlülüğünü ele alır.
9748,2,Vergi Ödeme Yükümlülüğü Hangi Anayasa Maddesinde Belirtilmiştir?,73. maddede.
9749,4,Anayasanın 73. Maddesi Hangi Yılda Kabul Edilmiştir?,1982 yılında kabul edilmiştir.
9752,4,Anayasanın 73. Maddesi Hangi Mahkemeler Tarafından Yorumlanır?,Anayasa Mahkemesi tarafından yorumlanır.
9755,4,Anayasanın 74. Maddesi Hangi Konuyu Ele Alır?,Dilekçe hakkını ele alır.
9756,2,Dilekçe Hakkı Hangi Anayasa Maddesinde Belirtilmiştir?,74. maddede.
9757,4,Anayasanın 74. Maddesi Hangi Yılda Kabul Edilmiştir?,1982 yılında kabul edilmiştir.
9759,5,Anayasanın 74. Maddesi Hangi Tarihte Yürürlüğe Girmiştir?,7 Kasım 1982'de yürürlüğe girmiştir.
9761,4,Anayasanın 74. Maddesi Hangi Mahkemeler Tarafından Yorumlanır?,Anayasa Mahkemesi tarafından yorumlanır.
9765,2,Türkiye Büyük Millet Meclisinin Yapısı Hangi Anayasa Maddesinde Belirtilmiştir?,75. maddede.
9766,4,Anayasanın 75. Maddesi Hangi Yılda Kabul Edilmiştir?,1982 yılında kabul edilmiştir.
9769,4,Anayasanın 75. Maddesi Hangi Mahkemeler Tarafından Yorumlanır?,Anayasa Mahkemesi tarafından yorumlanır.
9772,5,Anayasanın 76. Maddesi Hangi Konuyu Ele Alır?,Milletvekili seçilme yeterliliğini ele alır.
9773,2,Milletvekili Seçilme Yeterliliği Hangi Anayasa Maddesinde Belirtilmiştir?,76. maddede.
9774,4,Anayasanın 76. Maddesi Hangi Yılda Kabul Edilmiştir?,1982 yılında kabul edilmiştir.
9777,4,Anayasanın 76. Maddesi Hangi Mahkemeler Tarafından Yorumlanır?,Anayasa Mahkemesi tarafından yorumlanır.
9779,5,Anayasanın 77. Maddesi Hangi Konuyu Ele Alır?,TBMM seçimlerinin süresini ele alır.
9780,2,TBMM Seçimlerinin Süresi Hangi Anayasa Maddesinde Belirtilmiştir?,77. maddede.
9781,4,Anayasanın 77. Maddesi Hangi Yılda Kabul Edilmiştir?,1982 yılında kabul edilmiştir.
9783,5,Anayasanın 77. Maddesi Hangi Tarihte Yürürlüğe Girmiştir?,7 Kasım 1982'de yürürlüğe girmiştir.
9785,4,Anayasanın 77. Maddesi Hangi Mahkemeler Tarafından Yorumlanır?,Anayasa Mahkemesi tarafından yorumlanır.
9788,5,Anayasanın 78. Maddesi Hangi Konuyu Ele Alır?,Seçimlerin ertelenmesi konusunu ele alır.
9789,2,Seçimlerin Ertelenmesi Hangi Anayasa Maddesinde Belirtilmiştir?,78. maddede.
9790,4,Anayasanın 78. Maddesi Hangi Yılda Kabul Edilmiştir?,1982 yılında kabul edilmiştir.
9792,5,Anayasanın 78. Maddesi Hangi Tarihte Yürürlüğe Girmiştir?,7 Kasım 1982'de yürürlüğe girmiştir.
9794,4,Anayasanın 78. Maddesi Hangi Mahkemeler Tarafından Yorumlanır?,Anayasa Mahkemesi tarafından yorumlanır.
9797,2,Seçimlerin Yargı Organlarının Denetiminde Yapılması Hangi Anayasa Maddesinde Belirtilmiştir?,79. maddede.
9798,4,Anayasanın 79. Maddesi Hangi Yılda Kabul Edilmiştir?,1982 yılında kabul edilmiştir.
9800,4,Anayasanın 79. Maddesi Hangi Mahkemeler Tarafından Yorumlanır?,Anayasa Mahkemesi tarafından yorumlanır.
9804,2,TBMM Üyelerinin Temsil Yetkisi Hangi Anayasa Maddesinde Belirtilmiştir?,80. maddede.
9805,4,Anayasanın 80. Maddesi Hangi Yılda Kabul Edilmiştir?,1982 yılında kabul edilmiştir.
9807,5,Anayasanın 80. Maddesi Hangi Tarihte Yürürlüğe Girmiştir?,7 Kasım 1982'de yürürlüğe girmiştir.
9809,4,Anayasanın 80. Maddesi Hangi Mahkemeler Tarafından Yorumlanır?,Anayasa Mahkemesi tarafından yorumlanır.
9813,2,TBMM Üyelerinin Yemin Etme Zorunluluğu Hangi Anayasa Maddesinde Belirtilmiştir?,81. maddede.
9814,4,Anayasanın 81. Maddesi Hangi Yılda Kabul Edilmiştir?,1982 yılında kabul edilmiştir.
9816,5,Anayasanın 81. Maddesi Hangi Tarihte Yürürlüğe Girmiştir?,7 Kasım 1982'de yürürlüğe girmiştir.
9818,4,Anayasanın 81. Maddesi Hangi Mahkemeler Tarafından Yorumlanır?,Anayasa Mahkemesi tarafından yorumlanır.
9821,2,TBMM Üyelerinin Birden Fazla Görev ve İş Yapamama Kuralı Hangi Anayasa Maddesinde Belirtilmiştir?,82. maddede.
9822,4,Anayasanın 82. Maddesi Hangi Yılda Kabul Edilmiştir?,1982 yılında kabul edilmiştir.
9825,4,Anayasanın 82. Maddesi Hangi Mahkemeler Tarafından Yorumlanır?,Anayasa Mahkemesi tarafından yorumlanır.
9828,5,Anayasanın 83. Maddesi Hangi Konuyu Ele Alır?,TBMM üyelerinin dokunulmazlıklarını ele alır.
9829,2,TBMM Üyelerinin Dokunulmazlıkları Hangi Anayasa Maddesinde Belirtilmiştir?,83. maddede.
9830,4,Anayasanın 83. Maddesi Hangi Yılda Kabul Edilmiştir?,1982 yılında kabul edilmiştir.
9832,5,Anayasanın 83. Maddesi Hangi Tarihte Yürürlüğe Girmiştir?,7 Kasım 1982'de yürürlüğe girmiştir.
9834,4,Anayasanın 83. Maddesi Hangi Mahkemeler Tarafından Yorumlanır?,Anayasa Mahkemesi tarafından yorumlanır.
9838,2,Milletvekilliğinin Düşme Sebepleri ve Süreçleri Hangi Anayasa Maddesinde Belirtilmiştir?,84. maddede.
9839,4,Anayasanın 84. Maddesi Hangi Yılda Kabul Edilmiştir?,1982 yılında kabul edilmiştir.
9840,4,Anayasanın 84. Maddesi Hangi Mahkemeler Tarafından Yorumlanır?,Anayasa Mahkemesi tarafından yorumlanır.
9843,5,Anayasanın 85. Maddesi Hangi Konuyu Ele Alır?,Milletvekillerinin dokunulmazlığının kaldırılmasını ele alır.
9844,2,Milletvekillerinin Dokunulmazlığının Kaldırılması Hangi Anayasa Maddesinde Belirtilmiştir?,85. maddede.
9845,4,Anayasanın 85. Maddesi Hangi Yılda Kabul Edilmiştir?,1982 yılında kabul edilmiştir.
9847,5,Anayasanın 85. Maddesi Hangi Tarihte Yürürlüğe Girmiştir?,7 Kasım 1982'de yürürlüğe girmiştir.
9849,4,Anayasanın 85. Maddesi Hangi Mahkemeler Tarafından Yorumlanır?,Anayasa Mahkemesi tarafından yorumlanır.
9852,2,TBMM Üyelerinin Ödenek ve Yollukları Hangi Anayasa Maddesinde Belirtilmiştir?,86. maddede.
9853,4,Anayasanın 86. Maddesi Hangi Yılda Kabul Edilmiştir?,1982 yılında kabul edilmiştir.
9855,5,Anayasanın 86. Maddesi Hangi Tarihte Yürürlüğe Girmiştir?,7 Kasım 1982'de yürürlüğe girmiştir.
9857,4,Anayasanın 86. Maddesi Hangi Mahkemeler Tarafından Yorumlanır?,Anayasa Mahkemesi tarafından yorumlanır.
9860,2,TBMM'nin Görev ve Yetkileri Hangi Anayasa Maddesinde Belirtilmiştir?,87. maddede.
9861,4,Anayasanın 87. Maddesi Hangi Yılda Kabul Edilmiştir?,1982 yılında kabul edilmiştir.
9863,5,Anayasanın 87. Maddesi Hangi Tarihte Yürürlüğe Girmiştir?,7 Kasım 1982'de yürürlüğe girmiştir.
9865,4,Anayasanın 87. Maddesi Hangi Mahkemeler Tarafından Yorumlanır?,Anayasa Mahkemesi tarafından yorumlanır.
9869,2,Kanun Teklif Etme Yetkisi Hangi Anayasa Maddesinde Belirtilmiştir?,88. maddede.
9872,4,Anayasanın 88. Maddesi Hangi Mahkemeler Tarafından Yorumlanır?,Anayasa Mahkemesi tarafından yorumlanır.
9876,2,Cumhurbaşkanının Kanun Yayımlama Yetkisi Hangi Anayasa Maddesinde Belirtilmiştir?,89. maddede.
9877,4,Anayasanın 89. Maddesi Hangi Yılda Kabul Edilmiştir?,1982 yılında kabul edilmiştir.
9879,5,Anayasanın 89. Maddesi Hangi Tarihte Yürürlüğe Girmiştir?,7 Kasım 1982'de yürürlüğe girmiştir.
9881,4,Anayasanın 89. Maddesi Hangi Mahkemeler Tarafından Yorumlanır?,Anayasa Mahkemesi tarafından yorumlanır.
9882,5,Anayasanın 90. Maddesi Hangi Konuyu Ele Alır?,Milletlerarası antlaşmaların onaylanmasını ele alır.
9883,2,Milletlerarası Antlaşmaların Onaylanması Hangi Anayasa Maddesinde Belirtilmiştir?,90. maddede.
9884,4,Anayasanın 90. Maddesi Hangi Yılda Kabul Edilmiştir?,1982 yılında kabul edilmiştir.
9886,5,Anayasanın 90. Maddesi Hangi Tarihte Yürürlüğe Girmiştir?,7 Kasım 1982'de yürürlüğe girmiştir.
9888,4,Anayasanın 90. Maddesi Hangi Mahkemeler Tarafından Yorumlanır?,Anayasa Mahkemesi tarafından yorumlanır.
9889,2,Kanun Hükmünde Kararname Çıkarma Yetkisi Hangi Anayasa Maddesinde Belirtilmiştir?,91. maddede.
9890,4,Anayasanın 91. Maddesi Hangi Yılda Kabul Edilmiştir?,1982 yılında kabul edilmiştir.
9891,5,Anayasanın 91. Maddesi Hangi Tarihte Yürürlüğe Girmiştir?,7 Kasım 1982'de yürürlüğe girmiştir.
9893,4,Anayasanın 91. Maddesi Hangi Mahkemeler Tarafından Yorumlanır?,Anayasa Mahkemesi tarafından yorumlanır.
9896,5,Anayasanın 92. Maddesi Hangi Konuyu Ele Alır?,Milletlerarası antlaşmaların onaylanmasını ele alır.
9897,4,Anayasanın 92. Maddesi Hangi Yılda Kabul Edilmiştir?,1982 yılında kabul edilmiştir.
9899,5,Anayasanın 92. Maddesi Hangi Tarihte Yürürlüğe Girmiştir?,7 Kasım 1982'de yürürlüğe girmiştir.
9901,4,Anayasanın 92. Maddesi Hangi Mahkemeler Tarafından Yorumlanır?,Anayasa Mahkemesi tarafından yorumlanır.
9904,5,Anayasanın 93. Maddesi Hangi Konuyu Ele Alır?,TBMM'nin toplanma zamanını ele alır.
9905,2,TBMM'nin Toplanma Zamanı Hangi Anayasa Maddesinde Belirtilmiştir?,93. maddede.
9906,4,Anayasanın 93. Maddesi Hangi Yılda Kabul Edilmiştir?,1982 yılında kabul edilmiştir.
9908,5,Anayasanın 93. Maddesi Hangi Tarihte Yürürlüğe Girmiştir?,7 Kasım 1982'de yürürlüğe girmiştir.
9910,4,Anayasanın 93. Maddesi Hangi Mahkemeler Tarafından Yorumlanır?,Anayasa Mahkemesi tarafından yorumlanır.
9913,5,Anayasanın 94. Maddesi Hangi Konuyu Ele Alır?,TBMM Başkanının seçimini ele alır.
9914,2,TBMM Başkanının Seçimi Hangi Anayasa Maddesinde Belirtilmiştir?,94. maddede.
9915,4,Anayasanın 94. Maddesi Hangi Yılda Kabul Edilmiştir?,1982 yılında kabul edilmiştir.
9917,5,Anayasanın 94. Maddesi Hangi Tarihte Yürürlüğe Girmiştir?,7 Kasım 1982'de yürürlüğe girmiştir.
9919,4,Anayasanın 94. Maddesi Hangi Mahkemeler Tarafından Yorumlanır?,Anayasa Mahkemesi tarafından yorumlanır.
9923,2,TBMM'nin Çalışma Esaslarını Belirleme Yetkisi Hangi Anayasa Maddesinde Belirtilmiştir?,95. maddede.
9924,4,Anayasanın 95. Maddesi Hangi Yılda Kabul Edilmiştir?,1982 yılında kabul edilmiştir.
9927,4,Anayasanın 95. Maddesi Hangi Mahkemeler Tarafından Yorumlanır?,Anayasa Mahkemesi tarafından yorumlanır.
9930,2,TBMM'nin Toplanma ve Karar Alma Yeter Sayısı Hangi Anayasa Maddesinde Belirtilmiştir?,96. maddede.
9931,4,Anayasanın 96. Maddesi Hangi Yılda Kabul Edilmiştir?,1982 yılında kabul edilmiştir.
9933,5,Anayasanın 96. Maddesi Hangi Tarihte Yürürlüğe Girmiştir?,7 Kasım 1982'de yürürlüğe girmiştir.
9935,4,Anayasanın 96. Maddesi Hangi Mahkemeler Tarafından Yorumlanır?,Anayasa Mahkemesi tarafından yorumlanır.
9939,2,Bakanlar Kurulunun Toplanma ve Karar Alma Yeter Sayısı Hangi Anayasa Maddesinde Belirtilmiştir?,97. maddede.
9940,4,Anayasanın 97. Maddesi Hangi Yılda Kabul Edilmiştir?,1982 yılında kabul edilmiştir.
9942,5,Anayasanın 97. Maddesi Hangi Tarihte Yürürlüğe Girmiştir?,7 Kasım 1982'de yürürlüğe girmiştir.
9944,4,Anayasanın 97. Maddesi Hangi Mahkemeler Tarafından Yorumlanır?,Anayasa Mahkemesi tarafından yorumlanır.
9949,5,Anayasanın 98. Maddesi Hangi Tarihte Yürürlüğe Girmiştir?,7 Kasım 1982'de yürürlüğe girmiştir.
9954,2,Gensoru Önergesi Verilme Şartları Hangi Anayasa Maddesinde Belirtilmiştir?,99. maddede.
9955,4,Anayasanın 99. Maddesi Hangi Yılda Kabul Edilmiştir?,1982 yılında kabul edilmiştir.
9957,5,Anayasanın 99. Maddesi Hangi Tarihte Yürürlüğe Girmiştir?,7 Kasım 1982'de yürürlüğe girmiştir.
9959,4,Anayasanın 99. Maddesi Hangi Mahkemeler Tarafından Yorumlanır?,Anayasa Mahkemesi tarafından yorumlanır.
9963,2,Meclis Soruşturması Açılma Şartları Hangi Anayasa Maddesinde Belirtilmiştir?,100. maddede.
9964,4,Anayasanın 100. Maddesi Hangi Yılda Kabul Edilmiştir?,1982 yılında kabul edilmiştir.
9966,5,Anayasanın 100. Maddesi Hangi Tarihte Yürürlüğe Girmiştir?,7 Kasım 1982'de yürürlüğe girmiştir.
9968,4,Anayasanın 100. Maddesi Hangi Mahkemeler Tarafından Yorumlanır?,Anayasa Mahkemesi tarafından yorumlanır.
9971,5,Anayasanın 101. Maddesi Hangi Konuyu Ele Alır?,Cumhurbaşkanının seçilme şartlarını ele alır.
9972,2,Cumhurbaşkanının Seçilme Şartları Hangi Anayasa Maddesinde Belirtilmiştir?,101. maddede.
9973,4,Anayasanın 101. Maddesi Hangi Yılda Kabul Edilmiştir?,1982 yılında kabul edilmiştir.
9975,5,Anayasanın 101. Maddesi Hangi Tarihte Yürürlüğe Girmiştir?,7 Kasım 1982'de yürürlüğe girmiştir.
9976,4,Anayasanın 101. Maddesi Hangi Mahkemeler Tarafından Yorumlanır?,Anayasa Mahkemesi tarafından yorumlanır.
9978,5,Anayasanın 102. Maddesi Hangi Konuyu Ele Alır?,Cumhurbaşkanlığı seçim sürecini ele alır.
9979,2,Cumhurbaşkanlığı Seçim Süreci Hangi Anayasa Maddesinde Belirtilmiştir?,102. maddede.
9981,5,Anayasanın 102. Maddesi Hangi Tarihte Yürürlüğe Girmiştir?,7 Kasım 1982'de yürürlüğe girmiştir.
9982,4,Anayasanın 102. Maddesi Hangi Mahkemeler Tarafından Yorumlanır?,Anayasa Mahkemesi tarafından yorumlanır.
9985,2,Cumhurbaşkanının Ant İçme Zorunluluğu Hangi Anayasa Maddesinde Belirtilmiştir?,103. maddede.
9986,4,Anayasanın 103. Maddesi Hangi Yılda Kabul Edilmiştir?,1982 yılında kabul edilmiştir.
9988,5,Anayasanın 103. Maddesi Hangi Tarihte Yürürlüğe Girmiştir?,7 Kasım 1982'de yürürlüğe girmiştir.
9989,4,Anayasanın 103. Maddesi Hangi Mahkemeler Tarafından Yorumlanır?,Anayasa Mahkemesi tarafından yorumlanır.
9993,2,Cumhurbaşkanının Görev ve Yetkileri Hangi Anayasa Maddesinde Belirtilmiştir?,104. maddede.
9994,4,Anayasanın 104. Maddesi Hangi Yılda Kabul Edilmiştir?,1982 yılında kabul edilmiştir.
9996,5,Anayasanın 104. Maddesi Hangi Tarihte Yürürlüğe Girmiştir?,7 Kasım 1982'de yürürlüğe girmiştir.
9998,4,Anayasanın 104. Maddesi Hangi Mahkemeler Tarafından Yorumlanır?,Anayasa Mahkemesi tarafından yorumlanır.
10001,5,Anayasanın 105. Maddesi Hangi Konuyu Ele Alır?,Cumhurbaşkanının cezai sorumluluğunu ele alır.
10002,2,Cumhurbaşkanının Cezai Sorumluluğu Hangi Anayasa Maddesinde Belirtilmiştir?,105. maddede.
10003,4,Anayasanın 105. Maddesi Hangi Yılda Kabul Edilmiştir?,1982 yılında kabul edilmiştir.
10005,5,Anayasanın 105. Maddesi Hangi Tarihte Yürürlüğe Girmiştir?,7 Kasım 1982'de yürürlüğe girmiştir.
10008,2,Cumhurbaşkanının Geçici Görevden Ayrılma Durumunda Vekaletin Belirlenmesi Hangi Anayasa Maddesinde Belirtilmiştir?,106. maddede.
10009,4,Anayasanın 106. Maddesi Hangi Yılda Kabul Edilmiştir?,1982 yılında kabul edilmiştir.
10011,5,Anayasanın 106. Maddesi Hangi Tarihte Yürürlüğe Girmiştir?,7 Kasım 1982'de yürürlüğe girmiştir.
10013,4,Anayasanın 106. Maddesi Hangi Mahkemeler Tarafından Yorumlanır?,Anayasa Mahkemesi tarafından yorumlanır.
10016,2,Cumhurbaşkanlığı Genel Sekreterliğinin Kuruluşu Hangi Anayasa Maddesinde Belirtilmiştir?,107. maddede.
10019,4,Anayasanın 107. Maddesi Hangi Mahkemeler Tarafından Yorumlanır?,Anayasa Mahkemesi tarafından yorumlanır.
10021,5,Anayasanın 107. Maddesi Nasıl Uygulanır?,Cumhurbaşkanlığı Genel Sekreterliğinin kurulmasıyla uygulanır.
10023,2,Devlet Denetleme Kurulunun Kuruluş ve Görevleri Hangi Anayasa Maddesinde Belirtilmiştir?,108. maddede.
10024,4,Anayasanın 108. Maddesi Hangi Yılda Kabul Edilmiştir?,1982 yılında kabul edilmiştir.
10026,5,Anayasanın 108. Maddesi Hangi Tarihte Yürürlüğe Girmiştir?,7 Kasım 1982'de yürürlüğe girmiştir.
10028,4,Anayasanın 108. Maddesi Hangi Mahkemeler Tarafından Yorumlanır?,Anayasa Mahkemesi tarafından yorumlanır.
10030,5,Anayasanın 109. Maddesi Hangi Konuyu Ele Alır?,Bakanlar Kurulunun kuruluşunu ele alır.
10031,2,Bakanlar Kurulunun Kuruluşu Hangi Anayasa Maddesinde Belirtilmiştir?,109. maddede.
10032,4,Anayasanın 109. Maddesi Hangi Yılda Kabul Edilmiştir?,1982 yılında kabul edilmiştir.
10034,5,Anayasanın 109. Maddesi Hangi Tarihte Yürürlüğe Girmiştir?,7 Kasım 1982'de yürürlüğe girmiştir.
10036,4,Anayasanın 109. Maddesi Hangi Mahkemeler Tarafından Yorumlanır?,Anayasa Mahkemesi tarafından yorumlanır.
10039,4,Anayasanın 110. Maddesi Hangi Konuyu Ele Alır?,Başbakanın atanmasını ele alır.
10040,2,Başbakanın Atanması Hangi Anayasa Maddesinde Belirtilmiştir?,110. maddede.
10041,4,Anayasanın 110. Maddesi Hangi Yılda Kabul Edilmiştir?,1982 yılında kabul edilmiştir.
10043,5,Anayasanın 110. Maddesi Hangi Tarihte Yürürlüğe Girmiştir?,7 Kasım 1982'de yürürlüğe girmiştir.
10045,4,Anayasanın 110. Maddesi Hangi Mahkemeler Tarafından Yorumlanır?,Anayasa Mahkemesi tarafından yorumlanır.
10049,2,Bakanlar Kurulunun Güvenoyuna Başvurması Hangi Anayasa Maddesinde Belirtilmiştir?,111. maddede.
10050,4,Anayasanın 111. Maddesi Hangi Yılda Kabul Edilmiştir?,1982 yılında kabul edilmiştir.
10052,5,Anayasanın 111. Maddesi Hangi Tarihte Yürürlüğe Girmiştir?,7 Kasım 1982'de yürürlüğe girmiştir.
10054,4,Anayasanın 111. Maddesi Hangi Mahkemeler Tarafından Yorumlanır?,Anayasa Mahkemesi tarafından yorumlanır.
10058,2,Başbakanın Görev ve Yetkileri Hangi Anayasa Maddesinde Belirtilmiştir?,112. maddede.
10059,4,Anayasanın 112. Maddesi Hangi Yılda Kabul Edilmiştir?,1982 yılında kabul edilmiştir.
10061,5,Anayasanın 112. Maddesi Hangi Tarihte Yürürlüğe Girmiştir?,7 Kasım 1982'de yürürlüğe girmiştir.
10063,4,Anayasanın 112. Maddesi Hangi Mahkemeler Tarafından Yorumlanır?,Anayasa Mahkemesi tarafından yorumlanır.
10067,2,Bakanlıkların Kurulması ve Görevlerinin Düzenlenmesi Hangi Anayasa Maddesinde Belirtilmiştir?,113. maddede.
10069,5,Anayasanın 113. Maddesi Hangi Tarihte Yürürlüğe Girmiştir?,7 Kasım 1982'de yürürlüğe girmiştir.
10074,2,Seçimlerden Önce Bakanların Çekilmesi Hangi Anayasa Maddesinde Belirtilmiştir?,114. maddede.
10075,4,Anayasanın 114. Maddesi Hangi Yılda Kabul Edilmiştir?,1982 yılında kabul edilmiştir.
10077,5,Anayasanın 114. Maddesi Hangi Tarihte Yürürlüğe Girmiştir?,7 Kasım 1982'de yürürlüğe girmiştir.
10078,4,Anayasanın 114. Maddesi Hangi Mahkemeler Tarafından Yorumlanır?,Anayasa Mahkemesi tarafından yorumlanır.
10081,2,Başbakan ve Bakanların Sorumluluğu Hangi Anayasa Maddesinde Belirtilmiştir?,115. maddede.
10082,4,Anayasanın 115. Maddesi Hangi Yılda Kabul Edilmiştir?,1982 yılında kabul edilmiştir.
10084,5,Anayasanın 115. Maddesi Hangi Tarihte Yürürlüğe Girmiştir?,7 Kasım 1982'de yürürlüğe girmiştir.
10085,4,Anayasanın 115. Maddesi Hangi Mahkemeler Tarafından Yorumlanır?,Anayasa Mahkemesi tarafından yorumlanır.
10088,5,Anayasanın 116. Maddesi Hangi Konuyu Ele Alır?,Bakanlar Kurulunun düşürülmesini ele alır.
10089,2,Bakanlar Kurulunun Düşürülmesi Hangi Anayasa Maddesinde Belirtilmiştir?,116. maddede.
10090,4,Anayasanın 116. Maddesi Hangi Yılda Kabul Edilmiştir?,1982 yılında kabul edilmiştir.
10092,5,Anayasanın 116. Maddesi Hangi Tarihte Yürürlüğe Girmiştir?,7 Kasım 1982'de yürürlüğe girmiştir.
10094,4,Anayasanın 116. Maddesi Hangi Mahkemeler Tarafından Yorumlanır?,Anayasa Mahkemesi tarafından yorumlanır.
10097,2,Genelkurmay Başkanının Atanması Hangi Anayasa Maddesinde Belirtilmiştir?,117. maddede.
10098,4,Anayasanın 117. Maddesi Hangi Yılda Kabul Edilmiştir?,1982 yılında kabul edilmiştir.
10100,5,Anayasanın 117. Maddesi Hangi Tarihte Yürürlüğe Girmiştir?,7 Kasım 1982'de yürürlüğe girmiştir.
10102,4,Anayasanın 117. Maddesi Hangi Mahkemeler Tarafından Yorumlanır?,Anayasa Mahkemesi tarafından yorumlanır.
10106,2,Milli Güvenlik Kurulunun Kuruluşu Hangi Anayasa Maddesinde Belirtilmiştir?,118. maddede.
10107,4,Anayasanın 118. Maddesi Hangi Yılda Kabul Edilmiştir?,1982 yılında kabul edilmiştir.
10109,5,Anayasanın 118. Maddesi Hangi Tarihte Yürürlüğe Girmiştir?,7 Kasım 1982'de yürürlüğe girmiştir.
10111,4,Anayasanın 118. Maddesi Hangi Mahkemeler Tarafından Yorumlanır?,Anayasa Mahkemesi tarafından yorumlanır.
10114,5,Anayasanın 119. Maddesi Hangi Konuyu Ele Alır?,Olağanüstü hal ilanını ele alır.
10115,2,Olağanüstü Hal İlanı Hangi Anayasa Maddesinde Belirtilmiştir?,119. maddede.
10116,4,Anayasanın 119. Maddesi Hangi Yılda Kabul Edilmiştir?,1982 yılında kabul edilmiştir.
10119,4,Anayasanın 119. Maddesi Hangi Mahkemeler Tarafından Yorumlanır?,Anayasa Mahkemesi tarafından yorumlanır.
10122,5,Anayasanın 120. Maddesi Hangi Konuyu Ele Alır?,Olağanüstü hal ilanını ele alır.
10123,4,Anayasanın 120. Maddesi Hangi Yılda Kabul Edilmiştir?,1982 yılında kabul edilmiştir.
10125,5,Anayasanın 120. Maddesi Hangi Tarihte Yürürlüğe Girmiştir?,7 Kasım 1982'de yürürlüğe girmiştir.
10126,4,Anayasanın 120. Maddesi Hangi Mahkemeler Tarafından Yorumlanır?,Anayasa Mahkemesi tarafından yorumlanır.
10129,2,Olağanüstü Hallerde Alınacak Tedbirler Hangi Anayasa Maddesinde Belirtilmiştir?,121. maddede.
10130,4,Anayasanın 121. Maddesi Hangi Yılda Kabul Edilmiştir?,1982 yılında kabul edilmiştir.
10131,5,Anayasanın 121. Maddesi Hangi Tarihte Yürürlüğe Girmiştir?,7 Kasım 1982'de yürürlüğe girmiştir.
10132,4,Anayasanın 121. Maddesi Hangi Mahkemeler Tarafından Yorumlanır?,Anayasa Mahkemesi tarafından yorumlanır.
10135,4,Anayasanın 122. Maddesi Hangi Konuyu Ele Alır?,Seferberlik ilanını ele alır.
10136,2,Seferberlik İlanı Hangi Anayasa Maddesinde Belirtilmiştir?,122. maddede.
10137,4,Anayasanın 122. Maddesi Hangi Yılda Kabul Edilmiştir?,1982 yılında kabul edilmiştir.
10139,5,Anayasanın 122. Maddesi Hangi Tarihte Yürürlüğe Girmiştir?,7 Kasım 1982'de yürürlüğe girmiştir.
10141,4,Anayasanın 122. Maddesi Hangi Mahkemeler Tarafından Yorumlanır?,Anayasa Mahkemesi tarafından yorumlanır.
10145,2,İdarenin Bütünlüğü ve Düzenlenmesi Hangi Anayasa Maddesinde Belirtilmiştir?,123. maddede.
10146,4,Anayasanın 123. Maddesi Hangi Yılda Kabul Edilmiştir?,1982 yılında kabul edilmiştir.
10148,5,Anayasanın 123. Maddesi Hangi Tarihte Yürürlüğe Girmiştir?,7 Kasım 1982'de yürürlüğe girmiştir.
10150,4,Anayasanın 123. Maddesi Hangi Mahkemeler Tarafından Yorumlanır?,Anayasa Mahkemesi tarafından yorumlanır.
10153,5,Anayasanın 124. Maddesi Hangi Konuyu Ele Alır?,Yönetmelik çıkarma yetkisini ele alır.
10154,2,Yönetmelik Çıkarma Yetkisi Hangi Anayasa Maddesinde Belirtilmiştir?,124. maddede.
10155,4,Anayasanın 124. Maddesi Hangi Yılda Kabul Edilmiştir?,1982 yılında kabul edilmiştir.
10157,5,Anayasanın 124. Maddesi Hangi Tarihte Yürürlüğe Girmiştir?,7 Kasım 1982'de yürürlüğe girmiştir.
10159,4,Anayasanın 124. Maddesi Hangi Mahkemeler Tarafından Yorumlanır?,Anayasa Mahkemesi tarafından yorumlanır.
10163,2,İdarenin Eylem ve İşlemlerine Karşı Yargı Yolu Hangi Anayasa Maddesinde Belirtilmiştir?,125. maddede.
10164,4,Anayasanın 125. Maddesi Hangi Yılda Kabul Edilmiştir?,1982 yılında kabul edilmiştir.
10166,5,Anayasanın 125. Maddesi Hangi Tarihte Yürürlüğe Girmiştir?,7 Kasım 1982'de yürürlüğe girmiştir.
10168,4,Anayasanın 125. Maddesi Hangi Mahkemeler Tarafından Yorumlanır?,Anayasa Mahkemesi tarafından yorumlanır.
10171,5,Anayasanın 126. Maddesi Hangi Konuyu Ele Alır?,Türkiye'nin idari bölümlenmesini ele alır.
10172,2,Türkiye'nin İdari Bölümlenmesi Hangi Anayasa Maddesinde Belirtilmiştir?,126. maddede.
10173,4,Anayasanın 126. Maddesi Hangi Yılda Kabul Edilmiştir?,1982 yılında kabul edilmiştir.
10175,5,Anayasanın 126. Maddesi Hangi Tarihte Yürürlüğe Girmiştir?,7 Kasım 1982'de yürürlüğe girmiştir.
10176,4,Anayasanın 126. Maddesi Hangi Mahkemeler Tarafından Yorumlanır?,Anayasa Mahkemesi tarafından yorumlanır.
10179,5,Anayasanın 127. Maddesi Hangi Konuyu Ele Alır?,Yerel yönetimlerin yapısını ele alır.
10180,2,Yerel Yönetimlerin Yapısı Hangi Anayasa Maddesinde Belirtilmiştir?,127. maddede.
10183,4,Anayasanın 127. Maddesi Hangi Mahkemeler Tarafından Yorumlanır?,Anayasa Mahkemesi tarafından yorumlanır.
10186,2,Kamu İktisadi Teşebbüsleri ve Kamu Tüzel Kişileri Hangi Anayasa Maddesinde Belirtilmiştir?,128. maddede.
10188,5,Anayasanın 128. Maddesi Hangi Tarihte Yürürlüğe Girmiştir?,7 Kasım 1982'de yürürlüğe girmiştir.
10190,4,Anayasanın 128. Maddesi Hangi Mahkemeler Tarafından Yorumlanır?,Anayasa Mahkemesi tarafından yorumlanır.
10193,2,Memurlar ve Diğer Kamu Görevlilerinin Yükümlülükleri Hangi Anayasa Maddesinde Belirtilmiştir?,129. maddede.
10194,4,Anayasanın 129. Maddesi Hangi Yılda Kabul Edilmiştir?,1982 yılında kabul edilmiştir.
10195,5,Anayasanın 129. Maddesi Hangi Tarihte Yürürlüğe Girmiştir?,7 Kasım 1982'de yürürlüğe girmiştir.
10197,4,Anayasanın 129. Maddesi Hangi Mahkemeler Tarafından Yorumlanır?,Anayasa Mahkemesi tarafından yorumlanır.
10200,4,Anayasanın 130. Maddesi Hangi Konuyu Ele Alır?,Üniversitelerin yapısını ele alır.
10201,4,Anayasanın 130. Maddesi Hangi Yılda Kabul Edilmiştir?,1982 yılında kabul edilmiştir.
10203,4,Anayasanın 130. Maddesi Hangi Mahkemeler Tarafından Yorumlanır?,Anayasa Mahkemesi tarafından yorumlanır.
10207,2,Yükseköğretim Kurulunun Görev ve Yetkileri Hangi Anayasa Maddesinde Belirtilmiştir?,131. maddede.
10208,4,Anayasanın 131. Maddesi Hangi Yılda Kabul Edilmiştir?,1982 yılında kabul edilmiştir.
10210,5,Anayasanın 131. Maddesi Hangi Tarihte Yürürlüğe Girmiştir?,7 Kasım 1982'de yürürlüğe girmiştir.
10215,2,Üniversitelerin ve Akademik Personelin Özgürlüğü Hangi Anayasa Maddesinde Belirtilmiştir?,132. maddede.
10217,5,Anayasanın 132. Maddesi Hangi Tarihte Yürürlüğe Girmiştir?,7 Kasım 1982'de yürürlüğe girmiştir.
10219,4,Anayasanın 132. Maddesi Hangi Mahkemeler Tarafından Yorumlanır?,Anayasa Mahkemesi tarafından yorumlanır.
10223,2,Radyo ve Televizyon Faaliyetlerinin Yürütülmesi Hangi Anayasa Maddesinde Belirtilmiştir?,133. maddede.
10225,5,Anayasanın 133. Maddesi Hangi Tarihte Yürürlüğe Girmiştir?,7 Kasım 1982'de yürürlüğe girmiştir.
10227,4,Anayasanın 133. Maddesi Hangi Mahkemeler Tarafından Yorumlanır?,Anayasa Mahkemesi tarafından yorumlanır.
10231,2,"Atatürk Kültür, Dil ve Tarih Yüksek Kurumunun Kuruluş Amacı Hangi Anayasa Maddesinde Belirtilmiştir?",134. maddede.
10232,4,Anayasanın 134. Maddesi Hangi Yılda Kabul Edilmiştir?,1982 yılında kabul edilmiştir.
10234,5,Anayasanın 134. Maddesi Hangi Tarihte Yürürlüğe Girmiştir?,7 Kasım 1982'de yürürlüğe girmiştir.
10236,4,Anayasanın 134. Maddesi Hangi Mahkemeler Tarafından Yorumlanır?,Anayasa Mahkemesi tarafından yorumlanır.
10239,2,Kamu Kurumu Niteliğindeki Meslek Kuruluşlarının Yapısı Hangi Anayasa Maddesinde Belirtilmiştir?,135. maddede.
10240,4,Anayasanın 135. Maddesi Hangi Yılda Kabul Edilmiştir?,1982 yılında kabul edilmiştir.
10242,5,Anayasanın 135. Maddesi Hangi Tarihte Yürürlüğe Girmiştir?,7 Kasım 1982'de yürürlüğe girmiştir.
10244,4,Anayasanın 135. Maddesi Hangi Mahkemeler Tarafından Yorumlanır?,Anayasa Mahkemesi tarafından yorumlanır.
10248,2,Diyanet İşleri Başkanlığının Yapısı ve Görevi Hangi Anayasa Maddesinde Belirtilmiştir?,136. maddede.
10249,4,Anayasanın 136. Maddesi Hangi Yılda Kabul Edilmiştir?,1982 yılında kabul edilmiştir.
10251,5,Anayasanın 136. Maddesi Hangi Tarihte Yürürlüğe Girmiştir?,7 Kasım 1982'de yürürlüğe girmiştir.
10253,4,Anayasanın 136. Maddesi Hangi Mahkemeler Tarafından Yorumlanır?,Anayasa Mahkemesi tarafından yorumlanır.
10256,4,Anayasanın 137. Maddesi Hangi Konuyu Ele Alır?,Kanunsuz emirleri ele alır.
10257,2,Kanunsuz Emirler Hangi Anayasa Maddesinde Belirtilmiştir?,137. maddede.
10258,4,Anayasanın 137. Maddesi Hangi Yılda Kabul Edilmiştir?,1982 yılında kabul edilmiştir.
10260,5,Anayasanın 137. Maddesi Hangi Tarihte Yürürlüğe Girmiştir?,7 Kasım 1982'de yürürlüğe girmiştir.
10262,4,Anayasanın 137. Maddesi Hangi Mahkemeler Tarafından Yorumlanır?,Anayasa Mahkemesi tarafından yorumlanır.
10265,4,Anayasanın 138. Maddesi Hangi Konuyu Ele Alır?,Hakimlerin bağımsızlığını ele alır.
10266,2,Hakimlerin Bağımsızlığı Hangi Anayasa Maddesinde Belirtilmiştir?,138. maddede.
10267,4,Anayasanın 138. Maddesi Hangi Yılda Kabul Edilmiştir?,1982 yılında kabul edilmiştir.
10269,5,Anayasanın 138. Maddesi Hangi Tarihte Yürürlüğe Girmiştir?,7 Kasım 1982'de yürürlüğe girmiştir.
10271,4,Anayasanın 138. Maddesi Hangi Mahkemeler Tarafından Yorumlanır?,Anayasa Mahkemesi tarafından yorumlanır.
10275,2,Hakimlerin ve Savcıların Meslekteki Teminatı Hangi Anayasa Maddesinde Belirtilmiştir?,139. maddede.
10277,5,Anayasanın 139. Maddesi Hangi Tarihte Yürürlüğe Girmiştir?,7 Kasım 1982'de yürürlüğe girmiştir.
10282,4,Anayasanın 140. Maddesi Hangi Yılda Kabul Edilmiştir?,1982 yılında kabul edilmiştir.
10284,5,Anayasanın 140. Maddesi Hangi Tarihte Yürürlüğe Girmiştir?,7 Kasım 1982'de yürürlüğe girmiştir.
10286,4,Anayasanın 140. Maddesi Hangi Mahkemeler Tarafından Yorumlanır?,Anayasa Mahkemesi tarafından yorumlanır.
10290,2,Mahkemelerin Davaları Süratle ve En Az Giderle Sonuçlandırma Yükümlülüğü Hangi Anayasa Maddesinde Belirtilmiştir?,141. maddede.
10291,4,Anayasanın 141. Maddesi Hangi Yılda Kabul Edilmiştir?,1982 yılında kabul edilmiştir.
10293,5,Anayasanın 141. Maddesi Hangi Tarihte Yürürlüğe Girmiştir?,7 Kasım 1982'de yürürlüğe girmiştir.
10295,4,Anayasanın 141. Maddesi Hangi Mahkemeler Tarafından Yorumlanır?,Anayasa Mahkemesi tarafından yorumlanır.
10299,2,Mahkemelerin Kuruluşu ve Yargılama Usulleri Hangi Anayasa Maddesinde Belirtilmiştir?,142. maddede.
10300,4,Anayasanın 142. Maddesi Hangi Yılda Kabul Edilmiştir?,1982 yılında kabul edilmiştir.
10301,5,Anayasanın 142. Maddesi Hangi Tarihte Yürürlüğe Girmiştir?,7 Kasım 1982'de yürürlüğe girmiştir.
10303,4,Anayasanın 142. Maddesi Hangi Mahkemeler Tarafından Yorumlanır?,Anayasa Mahkemesi tarafından yorumlanır.
10307,2,Devlet Güvenlik Mahkemelerinin Görev ve Yetkileri Hangi Anayasa Maddesinde Belirtilmiştir?,143. maddede.
10308,4,Anayasanın 143. Maddesi Hangi Yılda Kabul Edilmiştir?,1982 yılında kabul edilmiştir.
10310,5,Anayasanın 143. Maddesi Hangi Tarihte Yürürlüğe Girmiştir?,7 Kasım 1982'de yürürlüğe girmiştir.
10312,4,Anayasanın 143. Maddesi Hangi Mahkemeler Tarafından Yorumlanır?,Anayasa Mahkemesi tarafından yorumlanır.
10316,2,Hakimler ve Savcılar Hakkındaki Şikayet ve İhbarlar Hangi Anayasa Maddesinde Belirtilmiştir?,144. maddede.
10317,4,Anayasanın 144. Maddesi Hangi Yılda Kabul Edilmiştir?,1982 yılında kabul edilmiştir.
10319,5,Anayasanın 144. Maddesi Hangi Tarihte Yürürlüğe Girmiştir?,7 Kasım 1982'de yürürlüğe girmiştir.
10321,4,Anayasanın 144. Maddesi Hangi Mahkemeler Tarafından Yorumlanır?,Anayasa Mahkemesi tarafından yorumlanır.
10325,2,Askeri Mahkemelerin Görev ve Yetkileri Hangi Anayasa Maddesinde Belirtilmiştir?,145. maddede.
10326,4,Anayasanın 145. Maddesi Hangi Yılda Kabul Edilmiştir?,1982 yılında kabul edilmiştir.
10327,5,Anayasanın 145. Maddesi Hangi Tarihte Yürürlüğe Girmiştir?,7 Kasım 1982'de yürürlüğe girmiştir.
10328,4,Anayasanın 145. Maddesi Hangi Mahkemeler Tarafından Yorumlanır?,Anayasa Mahkemesi tarafından yorumlanır.
10331,5,Anayasanın 146. Maddesi Hangi Konuyu Ele Alır?,Anayasa Mahkemesinin kuruluşunu ele alır.
10332,2,Anayasa Mahkemesinin Kuruluşu Hangi Anayasa Maddesinde Belirtilmiştir?,146. maddede.
10333,4,Anayasanın 146. Maddesi Hangi Yılda Kabul Edilmiştir?,1982 yılında kabul edilmiştir.
10335,5,Anayasanın 146. Maddesi Hangi Tarihte Yürürlüğe Girmiştir?,7 Kasım 1982'de yürürlüğe girmiştir.
10337,4,Anayasanın 146. Maddesi Hangi Mahkemeler Tarafından Yorumlanır?,Anayasa Mahkemesi tarafından yorumlanır.
10341,2,Anayasa Mahkemesi Üyelerinin Görev Süresi Hangi Anayasa Maddesinde Belirtilmiştir?,147. maddede.
10342,4,Anayasanın 147. Maddesi Hangi Yılda Kabul Edilmiştir?,1982 yılında kabul edilmiştir.
10344,5,Anayasanın 147. Maddesi Hangi Tarihte Yürürlüğe Girmiştir?,7 Kasım 1982'de yürürlüğe girmiştir.
10346,4,Anayasanın 147. Maddesi Hangi Mahkemeler Tarafından Yorumlanır?,Anayasa Mahkemesi tarafından yorumlanır.
10350,2,Anayasa Mahkemesinin Görev ve Yetkileri Hangi Anayasa Maddesinde Belirtilmiştir?,148. maddede.
10351,4,Anayasanın 148. Maddesi Hangi Yılda Kabul Edilmiştir?,1982 yılında kabul edilmiştir.
10352,5,Anayasanın 148. Maddesi Hangi Tarihte Yürürlüğe Girmiştir?,7 Kasım 1982'de yürürlüğe girmiştir.
10354,4,Anayasanın 148. Maddesi Hangi Mahkemeler Tarafından Yorumlanır?,Anayasa Mahkemesi tarafından yorumlanır.
10357,2,Anayasa Mahkemesinin Toplanma ve Karar Alma Usulleri Hangi Anayasa Maddesinde Belirtilmiştir?,149. maddede.
10358,4,Anayasanın 149. Maddesi Hangi Yılda Kabul Edilmiştir?,1982 yılında kabul edilmiştir.
10359,5,Anayasanın 149. Maddesi Hangi Tarihte Yürürlüğe Girmiştir?,7 Kasım 1982'de yürürlüğe girmiştir.
10360,4,Anayasanın 149. Maddesi Hangi Mahkemeler Tarafından Yorumlanır?,Anayasa Mahkemesi tarafından yorumlanır.
10363,2,Anayasa Mahkemesinde İptal Davası Açma Yetkisi Hangi Anayasa Maddesinde Belirtilmiştir?,150. maddede.
10364,4,Anayasanın 150. Maddesi Hangi Yılda Kabul Edilmiştir?,1982 yılında kabul edilmiştir.
10366,5,Anayasanın 150. Maddesi Hangi Tarihte Yürürlüğe Girmiştir?,7 Kasım 1982'de yürürlüğe girmiştir.
10368,4,Anayasanın 150. Maddesi Hangi Mahkemeler Tarafından Yorumlanır?,Anayasa Mahkemesi tarafından yorumlanır.
10372,2,Anayasa Mahkemesinde İptali İstenen Hükümlerin Karara Bağlanma Süresi Hangi Anayasa Maddesinde Belirtilmiştir?,151. maddede.
10373,4,Anayasanın 151. Maddesi Hangi Yılda Kabul Edilmiştir?,1982 yılında kabul edilmiştir.
10375,5,Anayasanın 151. Maddesi Hangi Tarihte Yürürlüğe Girmiştir?,7 Kasım 1982'de yürürlüğe girmiştir.
10377,4,Anayasanın 151. Maddesi Hangi Mahkemeler Tarafından Yorumlanır?,Anayasa Mahkemesi tarafından yorumlanır.
10381,4,Anayasanın 152. Maddesi Hangi Yılda Kabul Edilmiştir?,1982 yılında kabul edilmiştir.
10383,5,Anayasanın 152. Maddesi Hangi Tarihte Yürürlüğe Girmiştir?,7 Kasım 1982'de yürürlüğe girmiştir.
10385,4,Anayasanın 152. Maddesi Hangi Mahkemeler Tarafından Yorumlanır?,Anayasa Mahkemesi tarafından yorumlanır.
10388,2,Anayasa Mahkemesi Kararlarının Kesinliği ve Yayımlanması Hangi Anayasa Maddesinde Belirtilmiştir?,153. maddede.
10389,4,Anayasanın 153. Maddesi Hangi Yılda Kabul Edilmiştir?,1982 yılında kabul edilmiştir.
10391,5,Anayasanın 153. Maddesi Hangi Tarihte Yürürlüğe Girmiştir?,7 Kasım 1982'de yürürlüğe girmiştir.
10393,4,Anayasanın 153. Maddesi Hangi Mahkemeler Tarafından Yorumlanır?,Anayasa Mahkemesi tarafından yorumlanır.
10396,2,Yargıtayın Görev ve Yetkileri Hangi Anayasa Maddesinde Belirtilmiştir?,154. maddede.
10397,4,Anayasanın 154. Maddesi Hangi Yılda Kabul Edilmiştir?,1982 yılında kabul edilmiştir.
10399,5,Anayasanın 154. Maddesi Hangi Tarihte Yürürlüğe Girmiştir?,7 Kasım 1982'de yürürlüğe girmiştir.
10401,4,Anayasanın 154. Maddesi Hangi Mahkemeler Tarafından Yorumlanır?,Anayasa Mahkemesi tarafından yorumlanır.
10404,2,Danıştayın Görev ve Yetkileri Hangi Anayasa Maddesinde Belirtilmiştir?,155. maddede.
10405,4,Anayasanın 155. Maddesi Hangi Yılda Kabul Edilmiştir?,1982 yılında kabul edilmiştir.
10407,5,Anayasanın 155. Maddesi Hangi Tarihte Yürürlüğe Girmiştir?,7 Kasım 1982'de yürürlüğe girmiştir.
10409,4,Anayasanın 155. Maddesi Hangi Mahkemeler Tarafından Yorumlanır?,Anayasa Mahkemesi tarafından yorumlanır.
10413,4,Anayasanın 156. Maddesi Hangi Yılda Kabul Edilmiştir?,1982 yılında kabul edilmiştir.
10415,5,Anayasanın 156. Maddesi Hangi Tarihte Yürürlüğe Girmiştir?,7 Kasım 1982'de yürürlüğe girmiştir.
10417,4,Anayasanın 156. Maddesi Hangi Mahkemeler Tarafından Yorumlanır?,Anayasa Mahkemesi tarafından yorumlanır.
10421,2,Askeri Yüksek İdare Mahkemesinin Görev ve Yetkileri Hangi Anayasa Maddesinde Belirtilmiştir?,157. maddede.
10422,4,Anayasanın 157. Maddesi Hangi Yılda Kabul Edilmiştir?,1982 yılında kabul edilmiştir.
10424,5,Anayasanın 157. Maddesi Hangi Tarihte Yürürlüğe Girmiştir?,7 Kasım 1982'de yürürlüğe girmiştir.
10426,4,Anayasanın 157. Maddesi Hangi Mahkemeler Tarafından Yorumlanır?,Anayasa Mahkemesi tarafından yorumlanır.
10430,2,Uyuşmazlık Mahkemesinin Görev ve Yetkileri Hangi Anayasa Maddesinde Belirtilmiştir?,158. maddede.
10431,4,Anayasanın 158. Maddesi Hangi Yılda Kabul Edilmiştir?,1982 yılında kabul edilmiştir.
10433,5,Anayasanın 158. Maddesi Hangi Tarihte Yürürlüğe Girmiştir?,7 Kasım 1982'de yürürlüğe girmiştir.
10435,4,Anayasanın 158. Maddesi Hangi Mahkemeler Tarafından Yorumlanır?,Anayasa Mahkemesi tarafından yorumlanır.
10439,2,Hakimler ve Savcılar Kurulunun Görev ve Yetkileri Hangi Anayasa Maddesinde Belirtilmiştir?,159. maddede.
10440,4,Anayasanın 159. Maddesi Hangi Yılda Kabul Edilmiştir?,1982 yılında kabul edilmiştir.
10442,5,Anayasanın 159. Maddesi Hangi Tarihte Yürürlüğe Girmiştir?,7 Kasım 1982'de yürürlüğe girmiştir.
10444,4,Anayasanın 159. Maddesi Hangi Mahkemeler Tarafından Yorumlanır?,Anayasa Mahkemesi tarafından yorumlanır.
10448,4,Anayasanın 160. Maddesi Hangi Yılda Kabul Edilmiştir?,1982 yılında kabul edilmiştir.
10450,5,Anayasanın 160. Maddesi Hangi Tarihte Yürürlüğe Girmiştir?,7 Kasım 1982'de yürürlüğe girmiştir.
10452,4,Anayasanın 160. Maddesi Hangi Mahkemeler Tarafından Yorumlanır?,Anayasa Mahkemesi tarafından yorumlanır.
10456,2,Devletin ve Kamu Tüzel Kişilerinin Harcamaları Hangi Anayasa Maddesinde Belirtilmiştir?,161. maddede.
10458,5,Anayasanın 161. Maddesi Hangi Tarihte Yürürlüğe Girmiştir?,7 Kasım 1982'de yürürlüğe girmiştir.
10460,4,Anayasanın 161. Maddesi Hangi Mahkemeler Tarafından Yorumlanır?,Anayasa Mahkemesi tarafından yorumlanır.
10464,2,Türkiye Büyük Millet Meclisinin Bütçe Kanun Tasarıları Üzerindeki Yetkileri Hangi Anayasa Maddesinde Belirtilmiştir?,162. maddede.
10465,4,Anayasanın 162. Maddesi Hangi Yılda Kabul Edilmiştir?,1982 yılında kabul edilmiştir.
10467,5,Anayasanın 162. Maddesi Hangi Tarihte Yürürlüğe Girmiştir?,7 Kasım 1982'de yürürlüğe girmiştir.
10469,4,Anayasanın 162. Maddesi Hangi Mahkemeler Tarafından Yorumlanır?,Anayasa Mahkemesi tarafından yorumlanır.
10473,2,Bütçe Kanununa Konulabilecek Hükümler Hangi Anayasa Maddesinde Belirtilmiştir?,163. maddede.
10474,4,Anayasanın 163. Maddesi Hangi Yılda Kabul Edilmiştir?,1982 yılında kabul edilmiştir.
10476,5,Anayasanın 163. Maddesi Hangi Tarihte Yürürlüğe Girmiştir?,7 Kasım 1982'de yürürlüğe girmiştir.
10478,4,Anayasanın 163. Maddesi Hangi Mahkemeler Tarafından Yorumlanır?,Anayasa Mahkemesi tarafından yorumlanır.
10481,2,Kesin Hesap Kanun Tasarısının Sunulma Süresi Hangi Anayasa Maddesinde Belirtilmiştir?,164. maddede.
10482,4,Anayasanın 164. Maddesi Hangi Yılda Kabul Edilmiştir?,1982 yılında kabul edilmiştir.
10483,5,Anayasanın 164. Maddesi Hangi Tarihte Yürürlüğe Girmiştir?,7 Kasım 1982'de yürürlüğe girmiştir.
10485,4,Anayasanın 164. Maddesi Hangi Mahkemeler Tarafından Yorumlanır?,Anayasa Mahkemesi tarafından yorumlanır.
10489,2,Milli Güvenlikle İlgili Gizlilik Taşıyan İşler Hangi Anayasa Maddesinde Belirtilmiştir?,165. maddede.
10490,4,Anayasanın 165. Maddesi Hangi Yılda Kabul Edilmiştir?,1982 yılında kabul edilmiştir.
10492,5,Anayasanın 165. Maddesi Hangi Tarihte Yürürlüğe Girmiştir?,7 Kasım 1982'de yürürlüğe girmiştir.
10496,5,Anayasanın 166. Maddesi Hangi Konuyu Ele Alır?,Devletin kalkınma planlarını ele alır.
10497,2,Devletin Kalkınma Planları Hangi Anayasa Maddesinde Belirtilmiştir?,166. maddede.
10498,4,Anayasanın 166. Maddesi Hangi Yılda Kabul Edilmiştir?,1982 yılında kabul edilmiştir.
10500,5,Anayasanın 166. Maddesi Hangi Tarihte Yürürlüğe Girmiştir?,7 Kasım 1982'de yürürlüğe girmiştir.
10502,4,Anayasanın 166. Maddesi Hangi Mahkemeler Tarafından Yorumlanır?,Anayasa Mahkemesi tarafından yorumlanır.
10504,5,Anayasanın 167. Maddesi Hangi Konuyu Ele Alır?,Devletin piyasa düzenlemelerini ele alır.
10505,2,Devletin Piyasa Düzenlemeleri Hangi Anayasa Maddesinde Belirtilmiştir?,167. maddede.
10506,4,Anayasanın 167. Maddesi Hangi Yılda Kabul Edilmiştir?,1982 yılında kabul edilmiştir.
10509,4,Anayasanın 167. Maddesi Hangi Mahkemeler Tarafından Yorumlanır?,Anayasa Mahkemesi tarafından yorumlanır.
10513,2,Tabii Servetler ve Kaynakların Aranması ve İşletilmesi Hakkı Hangi Anayasa Maddesinde Belirtilmiştir?,168. maddede.
10514,4,Anayasanın 168. Maddesi Hangi Yılda Kabul Edilmiştir?,1982 yılında kabul edilmiştir.
10516,5,Anayasanın 168. Maddesi Hangi Tarihte Yürürlüğe Girmiştir?,7 Kasım 1982'de yürürlüğe girmiştir.
10517,4,Anayasanın 168. Maddesi Hangi Mahkemeler Tarafından Yorumlanır?,Anayasa Mahkemesi tarafından yorumlanır.
10521,2,Orman Köylülerinin Korunması ve Kalkınması Hangi Anayasa Maddesinde Belirtilmiştir?,170. maddede.
10522,4,Anayasanın 170. Maddesi Hangi Yılda Kabul Edilmiştir?,1982 yılında kabul edilmiştir.
10523,5,Anayasanın 170. Maddesi Hangi Tarihte Yürürlüğe Girmiştir?,7 Kasım 1982'de yürürlüğe girmiştir.
10525,4,Anayasanın 170. Maddesi Hangi Mahkemeler Tarafından Yorumlanır?,Anayasa Mahkemesi tarafından yorumlanır.
10528,4,Anayasanın 171. Maddesi Hangi Yılda Kabul Edilmiştir?,1982 yılında kabul edilmiştir.
10531,4,Anayasanın 171. Maddesi Hangi Mahkemeler Tarafından Yorumlanır?,Anayasa Mahkemesi tarafından yorumlanır.
10534,4,Anayasanın 172. Maddesi Hangi Konuyu Ele Alır?,Tüketicilerin korunmasını ele alır.
10535,2,Tüketicilerin Korunması Hangi Anayasa Maddesinde Belirtilmiştir?,172. maddede.
10536,4,Anayasanın 172. Maddesi Hangi Yılda Kabul Edilmiştir?,1982 yılında kabul edilmiştir.
10538,5,Anayasanın 172. Maddesi Hangi Tarihte Yürürlüğe Girmiştir?,7 Kasım 1982'de yürürlüğe girmiştir.
10540,4,Anayasanın 172. Maddesi Hangi Mahkemeler Tarafından Yorumlanır?,Anayasa Mahkemesi tarafından yorumlanır.
10544,2,Küçük ve Orta Ölçekli Sanayinin Korunması ve Desteklenmesi Hangi Anayasa Maddesinde Belirtilmiştir?,173. maddede.
10545,4,Anayasanın 173. Maddesi Hangi Yılda Kabul Edilmiştir?,1982 yılında kabul edilmiştir.
10547,5,Anayasanın 173. Maddesi Hangi Tarihte Yürürlüğe Girmiştir?,7 Kasım 1982'de yürürlüğe girmiştir.
10549,4,Anayasanın 173. Maddesi Hangi Mahkemeler Tarafından Yorumlanır?,Anayasa Mahkemesi tarafından yorumlanır.
10553,2,İnkılap Kanunlarının Anayasaya Aykırı Olamayacağı Hangi Anayasa Maddesinde Belirtilmiştir?,174. maddede.
10554,4,Anayasanın 174. Maddesi Hangi Yılda Kabul Edilmiştir?,1982 yılında kabul edilmiştir.
10556,5,Anayasanın 174. Maddesi Hangi Tarihte Yürürlüğe Girmiştir?,7 Kasım 1982'de yürürlüğe girmiştir.
10558,4,Anayasanın 174. Maddesi Hangi Mahkemeler Tarafından Yorumlanır?,Anayasa Mahkemesi tarafından yorumlanır.
10561,5,Anayasanın 175. Maddesi Hangi Konuyu Ele Alır?,Anayasanın değiştirilme usulünü ele alır.
10562,4,Anayasanın 175. Maddesi Hangi Yılda Kabul Edilmiştir?,1982 yılında kabul edilmiştir.
10563,5,Anayasanın 175. Maddesi Hangi Tarihte Yürürlüğe Girmiştir?,7 Kasım 1982'de yürürlüğe girmiştir.
10565,4,Anayasanın 175. Maddesi Hangi Mahkemeler Tarafından Yorumlanır?,Anayasa Mahkemesi tarafından yorumlanır.
10566,4,Anayasanın 175. Maddesinin Kapsamı Nedir?,Anayasanın değiştirilme usulünü kapsar.
10568,4,Anayasanın 176. Maddesi Hangi Konuyu Ele Alır?,Anayasanın bütünlüğünü ele alır.
10570,5,Anayasanın 176. Maddesi Hangi Tarihte Yürürlüğe Girmiştir?,7 Kasım 1982'de yürürlüğe girmiştir.
10572,4,Anayasanın 176. Maddesi Hangi Mahkemeler Tarafından Yorumlanır?,Anayasa Mahkemesi tarafından yorumlanır.
10576,2,Anayasanın Yürürlüğe Girmesi ve Geçiş Hükümleri Hangi Anayasa Maddesinde Belirtilmiştir?,177. maddede.
10577,4,Anayasanın 177. Maddesi Hangi Yılda Kabul Edilmiştir?,1982 yılında kabul edilmiştir.
10579,5,Anayasanın 177. Maddesi Hangi Tarihte Yürürlüğe Girmiştir?,7 Kasım 1982'de yürürlüğe girmiştir.
10581,4,Anayasanın 177. Maddesi Hangi Mahkemeler Tarafından Yorumlanır?,Anayasa Mahkemesi tarafından yorumlanır.
13035,4,"Orman sınırları dışına çıkarılacak yerlerin tesbiti, orman köylüsünün yerleşimi ve bu yerlerin değerlendirilmesi ile ilgili esaslar nasıl belirlenir?",Bu esaslar kanunla düzenlenir.
13060,4,Anayasa kaç maddeden oluşur?,"Anayasa, 177 maddeden oluşur."
13064,4,Anayasanın kaç maddesi vardır?,Anayasanın 177 maddesi vardır.
13105,2,"Devlet, vatandaşlarının refahını artırmak ve toplumsal barışı sağlamak için ne yapar?",Politikalar geliştirir.
13122,4,"Devlet, milletvekilliği ile bağdaşmayan işlerin düzenlenmesi için ne yapmalıdır?",Gerekli tedbirleri almak zorundadır.
13129,3,Milletvekilliğinin sona erme koşullarını belirleyen hüküm nedir?,Anayasa madde 84.
13132,2,Anayasa madde 91'e göre TBMM hangi kuruma kanun hükmünde kararname çıkarma yetkisi verebilir?,Bakanlar Kurulu'na.
13143,4,Milletvekilleri bakanlara nasıl soru sorabilirler?,Yazılı veya sözlü olarak.
13149,3,Gensoru önergesi nereye verilir?,TBMM Başkanlığına verilir.
13150,5,Gensoru önergesinin verildiği tarihten itibaren ne kadar süre içinde dağıtımı yapılır?,İki gün içinde dağıtımı yapılır.
13164,4,Cumhurbaşkanı nasıl seçilir?,Halk tarafından doğrudan seçilir.
13165,3,Cumhurbaşkanı seçimi kaç turda yapılır?,İki turda yapılır.
13174,4,Cumhurbaşkanının cezai sorumluluğu hangi suçlamayla bağlıdır?,Vatana ihanet suçlamasıyla bağlıdır.
13176,3,Cumhurbaşkanının vatana ihanetle suçlanması durumunda yargılama nerede yapılır?,Yüce divan'da yapılır.
13178,5,Cumhurbaşkanlığı makamı boşaldığında yeni seçim ne kadar süre içinde yapılır?,Kırk beş gün içinde yapılır.
13179,4,Cumhurbaşkanlığı makamı boşaldığında kim cumhurbaşkanlığına vekalet eder?,TBMM başkanı vekalet eder.
13189,4,Devlet Denetleme Kurulu'nun bağlı olduğu makam nedir?,Cumhurbaşkanlığına bağlı olarak çalışır.
13194,5,Bakanlar Kurulu'nun sorumluluğu nedir?,Cumhurbaşkanının belirlediği politikaların uygulanmasından sorumludur.
13304,5,Anayasa madde 149'a göre Anayasa Mahkemesi kararları kesin midir?,"Evet, Anayasa Mahkemesi'nin kararları kesindir."
13312,5,Türkiye Büyük Millet Meclisi'nin görevlerinden biri nedir?,"Kanun koymak, değiştirmek ve kaldırmak."
13313,4,Türkiye Büyük Millet Meclisi hangi kurul ve bakanları denetler?,Bakanlar Kurulunu ve bakanları.
13314,5,"Türkiye Büyük Millet Meclisi, Bakanlar Kuruluna hangi yetkiyi verebilir?",Kanun hükmünde kararname çıkarma yetkisi.
13316,4,Para basılmasına kim karar verir?,Türkiye Büyük Millet Meclisi.
13317,4,Milletlerarası andlaşmaların onaylanmasını kim uygun bulur?,Türkiye Büyük Millet Meclisi.
13318,4,Genel ve özel af ilanına kim karar verir?,Türkiye Büyük Millet Meclisi.
13319,4,Mahkemelerce verilip kesinleşen ölüm cezalarının yerine getirilmesine kim karar verir?,Türkiye Büyük Millet Meclisi.
13320,3,Trafik kaza tutanağı düzenlenmiş mi?,Evet veya hayır.
13321,3,Raporda kusurlu taraf kim olarak gösterilmiş?,Kusurlu tarafın adı.
13322,3,Kusur oranları nedir?,Kusur oranları yüzdesi.
13325,3,"Kasko sigortasına başvurduysanız ve red edildiyse, bunun gerekçesi ne olamaz?",Hiçbir gerekçesi olamaz.
13326,4,Her iki halde de red cevabı aldıysanız ve sebebi yazılı olarak bildirilmediyse ne yapmalısınız?,Dava açmanız şart olmuştur.
13327,1,Yaptığınız tüm masrafları ne yapmayı unutmamalısınız?,Faturalandırmayı.
13328,3,Kendi aracınızın kasko sigortacısına mı yoksa karşı tarafın zorunlu mali mesuliyet sigortacısına mı başvurdunuz?,Başvurulan sigortacı türü.
13329,2,"Kusurunuz ne olursa olsun, karşı tarafın trafik sigortasından tamir masrafları talep edildiğinde ne yapılmalıdır?",Ödenmesi gerekirdi.
13331,2,Reşit olan herkes kimin borcundan sorumludur?,Kendi borcundan.
13332,2,Adres olarak ailenizin adresi gözüktüğünde bankanın oraya hacze gitmesi doğal mıdır?,"Evet, doğaldır."
13335,3,Kanunun yürürlüğe girdiği tarihten itibaren ne kadar süre içinde Türkiye Büyük Millet Meclisi seçim yapmalıdır?,Otuz gün içinde.
13341,2,Hakim ve savcıların aylık ve ödenekleri hangi düzenlemelere tabidir?,Kanunla düzenlenir.
13342,2,Hakim ve savcıların görev yerlerinin geçici veya sürekli olarak değiştirilmesi nasıl düzenlenir?,Kanunla düzenlenir.
13343,1,Türkiye devleti'nin yönetim şekli nedir?,Cumhuriyettir.
13345,1,Türkiye'nin resmi dili nedir?,Türkçedir.
13346,2,Türkiye'nin millî marşı nedir?,İstiklal marşı'dır.
13347,1,Türkiye'nin başkenti neresidir?,Ankara'dır.
13350,1,Egemenlik kime aittir?,Milletindir.
13351,5,Yasama yetkisi kime aittir?,Türkiye büyük millet meclisi'ne aittir.
13352,3,Yürütme yetkisi kim tarafından kullanılır?,Cumhurbaşkanı tarafından kullanılır.
13353,5,Yargı yetkisini kim kullanır?,Bağımsız ve tarafsız mahkemeler kullanır.
